timestamp,roadName,congestionValue,incidentCount,rainFlag,isHoliday
2026-01-01 00:00:00,i10West,0.377,0,0,1
2026-01-01 00:00:00,i10Central,0.456,0,0,1
2026-01-01 00:00:00,i10East,0.387,0,0,1
2026-01-01 00:00:00,mesa,0.198,0,0,1
2026-01-01 00:00:00,sunland,0.182,0,0,1
2026-01-01 00:00:00,us54,0.289,0,0,1
2026-01-01 00:00:00,paisano,0.27,0,0,1
2026-01-01 00:00:00,loop375,0.287,0,0,1
2026-01-01 01:00:00,i10West,0.499,0,1,1
2026-01-01 01:00:00,i10Central,0.584,0,1,1
2026-01-01 01:00:00,i10East,0.519,0,1,1
2026-01-01 01:00:00,mesa,0.4,1,1,1
2026-01-01 01:00:00,sunland,0.269,0,1,1
2026-01-01 01:00:00,us54,0.346,0,1,1
2026-01-01 01:00:00,paisano,0.306,0,1,1
2026-01-01 01:00:00,loop375,0.359,0,1,1
2026-01-01 02:00:00,i10West,0.419,0,0,1
2026-01-01 02:00:00,i10Central,0.484,0,0,1
2026-01-01 02:00:00,i10East,0.37,0,0,1
2026-01-01 02:00:00,mesa,0.217,0,0,1
2026-01-01 02:00:00,sunland,0.23,0,0,1
2026-01-01 02:00:00,us54,0.329,0,0,1
2026-01-01 02:00:00,paisano,0.25,0,0,1
2026-01-01 02:00:00,loop375,0.262,0,0,1
2026-01-01 03:00:00,i10West,0.42,0,0,1
2026-01-01 03:00:00,i10Central,0.496,0,0,1
2026-01-01 03:00:00,i10East,0.407,0,0,1
2026-01-01 03:00:00,mesa,0.263,0,0,1
2026-01-01 03:00:00,sunland,0.217,0,0,1
2026-01-01 03:00:00,us54,0.338,0,0,1
2026-01-01 03:00:00,paisano,0.275,0,0,1
2026-01-01 03:00:00,loop375,0.282,0,0,1
2026-01-01 04:00:00,i10West,0.394,0,0,1
2026-01-01 04:00:00,i10Central,0.62,1,0,1
2026-01-01 04:00:00,i10East,0.412,0,0,1
2026-01-01 04:00:00,mesa,0.267,0,0,1
2026-01-01 04:00:00,sunland,0.25,0,0,1
2026-01-01 04:00:00,us54,0.333,0,0,1
2026-01-01 04:00:00,paisano,0.286,0,0,1
2026-01-01 04:00:00,loop375,0.26,0,0,1
2026-01-01 05:00:00,i10West,0.421,0,0,1
2026-01-01 05:00:00,i10Central,0.544,0,0,1
2026-01-01 05:00:00,i10East,0.483,0,0,1
2026-01-01 05:00:00,mesa,0.268,0,0,1
2026-01-01 05:00:00,sunland,0.249,0,0,1
2026-01-01 05:00:00,us54,0.364,0,0,1
2026-01-01 05:00:00,paisano,0.29,0,0,1
2026-01-01 05:00:00,loop375,0.308,0,0,1
2026-01-01 06:00:00,i10West,0.67,1,0,1
2026-01-01 06:00:00,i10Central,0.693,0,0,1
2026-01-01 06:00:00,i10East,0.55,0,0,1
2026-01-01 06:00:00,mesa,0.364,0,0,1
2026-01-01 06:00:00,sunland,0.301,0,0,1
2026-01-01 06:00:00,us54,0.422,0,0,1
2026-01-01 06:00:00,paisano,0.325,0,0,1
2026-01-01 06:00:00,loop375,0.361,0,0,1
2026-01-01 07:00:00,i10West,0.627,0,0,1
2026-01-01 07:00:00,i10Central,0.737,0,0,1
2026-01-01 07:00:00,i10East,0.645,0,0,1
2026-01-01 07:00:00,mesa,0.451,0,0,1
2026-01-01 07:00:00,sunland,0.41,0,0,1
2026-01-01 07:00:00,us54,0.445,0,0,1
2026-01-01 07:00:00,paisano,0.372,0,0,1
2026-01-01 07:00:00,loop375,0.415,0,0,1
2026-01-01 08:00:00,i10West,0.652,0,0,1
2026-01-01 08:00:00,i10Central,0.796,0,0,1
2026-01-01 08:00:00,i10East,0.776,1,0,1
2026-01-01 08:00:00,mesa,0.446,0,0,1
2026-01-01 08:00:00,sunland,0.436,0,0,1
2026-01-01 08:00:00,us54,0.484,0,0,1
2026-01-01 08:00:00,paisano,0.463,0,0,1
2026-01-01 08:00:00,loop375,0.454,0,0,1
2026-01-01 09:00:00,i10West,0.638,0,0,1
2026-01-01 09:00:00,i10Central,0.741,0,0,1
2026-01-01 09:00:00,i10East,0.603,0,0,1
2026-01-01 09:00:00,mesa,0.432,0,0,1
2026-01-01 09:00:00,sunland,0.423,0,0,1
2026-01-01 09:00:00,us54,0.467,0,0,1
2026-01-01 09:00:00,paisano,0.402,0,0,1
2026-01-01 09:00:00,loop375,0.473,0,0,1
2026-01-01 10:00:00,i10West,0.585,0,0,1
2026-01-01 10:00:00,i10Central,0.673,0,0,1
2026-01-01 10:00:00,i10East,0.575,0,0,1
2026-01-01 10:00:00,mesa,0.371,0,0,1
2026-01-01 10:00:00,sunland,0.351,0,0,1
2026-01-01 10:00:00,us54,0.419,0,0,1
2026-01-01 10:00:00,paisano,0.337,0,0,1
2026-01-01 10:00:00,loop375,0.382,0,0,1
2026-01-01 11:00:00,i10West,0.479,0,0,1
2026-01-01 11:00:00,i10Central,0.563,0,0,1
2026-01-01 11:00:00,i10East,0.464,0,0,1
2026-01-01 11:00:00,mesa,0.268,0,0,1
2026-01-01 11:00:00,sunland,0.286,0,0,1
2026-01-01 11:00:00,us54,0.393,0,0,1
2026-01-01 11:00:00,paisano,0.325,0,0,1
2026-01-01 11:00:00,loop375,0.323,0,0,1
2026-01-01 12:00:00,i10West,0.468,0,0,1
2026-01-01 12:00:00,i10Central,0.575,0,0,1
2026-01-01 12:00:00,i10East,0.437,0,0,1
2026-01-01 12:00:00,mesa,0.302,0,0,1
2026-01-01 12:00:00,sunland,0.269,0,0,1
2026-01-01 12:00:00,us54,0.35,0,0,1
2026-01-01 12:00:00,paisano,0.31,0,0,1
2026-01-01 12:00:00,loop375,0.297,0,0,1
2026-01-01 13:00:00,i10West,0.45,0,0,1
2026-01-01 13:00:00,i10Central,0.547,0,0,1
2026-01-01 13:00:00,i10East,0.455,0,0,1
2026-01-01 13:00:00,mesa,0.296,0,0,1
2026-01-01 13:00:00,sunland,0.23,0,0,1
2026-01-01 13:00:00,us54,0.399,0,0,1
2026-01-01 13:00:00,paisano,0.329,0,0,1
2026-01-01 13:00:00,loop375,0.353,0,0,1
2026-01-01 14:00:00,i10West,0.642,0,1,1
2026-01-01 14:00:00,i10Central,0.807,0,1,1
2026-01-01 14:00:00,i10East,0.627,0,1,1
2026-01-01 14:00:00,mesa,0.432,0,1,1
2026-01-01 14:00:00,sunland,0.392,0,1,1
2026-01-01 14:00:00,us54,0.52,0,1,1
2026-01-01 14:00:00,paisano,0.427,0,1,1
2026-01-01 14:00:00,loop375,0.419,0,1,1
2026-01-01 15:00:00,i10West,0.614,0,0,1
2026-01-01 15:00:00,i10Central,0.742,0,0,1
2026-01-01 15:00:00,i10East,0.636,0,0,1
2026-01-01 15:00:00,mesa,0.381,0,0,1
2026-01-01 15:00:00,sunland,0.396,0,0,1
2026-01-01 15:00:00,us54,0.512,0,0,1
2026-01-01 15:00:00,paisano,0.408,0,0,1
2026-01-01 15:00:00,loop375,0.44,0,0,1
2026-01-01 16:00:00,i10West,0.711,0,0,1
2026-01-01 16:00:00,i10Central,0.86,0,0,1
2026-01-01 16:00:00,i10East,0.712,0,0,1
2026-01-01 16:00:00,mesa,0.448,0,0,1
2026-01-01 16:00:00,sunland,0.443,0,0,1
2026-01-01 16:00:00,us54,0.554,0,0,1
2026-01-01 16:00:00,paisano,0.457,0,0,1
2026-01-01 16:00:00,loop375,0.599,1,0,1
2026-01-01 17:00:00,i10West,0.704,0,0,1
2026-01-01 17:00:00,i10Central,0.855,0,0,1
2026-01-01 17:00:00,i10East,0.725,0,0,1
2026-01-01 17:00:00,mesa,0.476,0,0,1
2026-01-01 17:00:00,sunland,0.453,0,0,1
2026-01-01 17:00:00,us54,0.546,0,0,1
2026-01-01 17:00:00,paisano,0.504,0,0,1
2026-01-01 17:00:00,loop375,0.508,0,0,1
2026-01-01 18:00:00,i10West,0.691,0,0,1
2026-01-01 18:00:00,i10Central,0.837,0,0,1
2026-01-01 18:00:00,i10East,0.72,0,0,1
2026-01-01 18:00:00,mesa,0.511,0,0,1
2026-01-01 18:00:00,sunland,0.475,0,0,1
2026-01-01 18:00:00,us54,0.621,1,0,1
2026-01-01 18:00:00,paisano,0.459,0,0,1
2026-01-01 18:00:00,loop375,0.507,0,0,1
2026-01-01 19:00:00,i10West,0.622,0,0,1
2026-01-01 19:00:00,i10Central,0.751,0,0,1
2026-01-01 19:00:00,i10East,0.609,0,0,1
2026-01-01 19:00:00,mesa,0.423,0,0,1
2026-01-01 19:00:00,sunland,0.412,0,0,1
2026-01-01 19:00:00,us54,0.507,0,0,1
2026-01-01 19:00:00,paisano,0.398,0,0,1
2026-01-01 19:00:00,loop375,0.416,0,0,1
2026-01-01 20:00:00,i10West,0.56,0,0,1
2026-01-01 20:00:00,i10Central,0.632,0,0,1
2026-01-01 20:00:00,i10East,0.504,0,0,1
2026-01-01 20:00:00,mesa,0.361,0,0,1
2026-01-01 20:00:00,sunland,0.352,0,0,1
2026-01-01 20:00:00,us54,0.388,0,0,1
2026-01-01 20:00:00,paisano,0.349,0,0,1
2026-01-01 20:00:00,loop375,0.367,0,0,1
2026-01-01 21:00:00,i10West,0.477,0,0,1
2026-01-01 21:00:00,i10Central,0.572,0,0,1
2026-01-01 21:00:00,i10East,0.435,0,0,1
2026-01-01 21:00:00,mesa,0.287,0,0,1
2026-01-01 21:00:00,sunland,0.246,0,0,1
2026-01-01 21:00:00,us54,0.343,0,0,1
2026-01-01 21:00:00,paisano,0.336,0,0,1
2026-01-01 21:00:00,loop375,0.326,0,0,1
2026-01-01 22:00:00,i10West,0.42,0,0,1
2026-01-01 22:00:00,i10Central,0.51,0,0,1
2026-01-01 22:00:00,i10East,0.411,0,0,1
2026-01-01 22:00:00,mesa,0.28,0,0,1
2026-01-01 22:00:00,sunland,0.255,0,0,1
2026-01-01 22:00:00,us54,0.361,0,0,1
2026-01-01 22:00:00,paisano,0.305,0,0,1
2026-01-01 22:00:00,loop375,0.277,0,0,1
2026-01-01 23:00:00,i10West,0.492,0,1,1
2026-01-01 23:00:00,i10Central,0.647,0,1,1
2026-01-01 23:00:00,i10East,0.56,0,1,1
2026-01-01 23:00:00,mesa,0.305,0,1,1
2026-01-01 23:00:00,sunland,0.315,0,1,1
2026-01-01 23:00:00,us54,0.375,0,1,1
2026-01-01 23:00:00,paisano,0.356,0,1,1
2026-01-01 23:00:00,loop375,0.351,0,1,1
2026-01-02 00:00:00,i10West,0.393,0,0,0
2026-01-02 00:00:00,i10Central,0.506,0,0,0
2026-01-02 00:00:00,i10East,0.377,0,0,0
2026-01-02 00:00:00,mesa,0.256,0,0,0
2026-01-02 00:00:00,sunland,0.187,0,0,0
2026-01-02 00:00:00,us54,0.303,0,0,0
2026-01-02 00:00:00,paisano,0.298,0,0,0
2026-01-02 00:00:00,loop375,0.291,0,0,0
2026-01-02 01:00:00,i10West,0.363,0,0,0
2026-01-02 01:00:00,i10Central,0.487,0,0,0
2026-01-02 01:00:00,i10East,0.403,0,0,0
2026-01-02 01:00:00,mesa,0.236,0,0,0
2026-01-02 01:00:00,sunland,0.224,0,0,0
2026-01-02 01:00:00,us54,0.287,0,0,0
2026-01-02 01:00:00,paisano,0.292,0,0,0
2026-01-02 01:00:00,loop375,0.25,0,0,0
2026-01-02 02:00:00,i10West,0.371,0,0,0
2026-01-02 02:00:00,i10Central,0.486,0,0,0
2026-01-02 02:00:00,i10East,0.401,0,0,0
2026-01-02 02:00:00,mesa,0.209,0,0,0
2026-01-02 02:00:00,sunland,0.232,0,0,0
2026-01-02 02:00:00,us54,0.292,0,0,0
2026-01-02 02:00:00,paisano,0.267,0,0,0
2026-01-02 02:00:00,loop375,0.284,0,0,0
2026-01-02 03:00:00,i10West,0.391,0,0,0
2026-01-02 03:00:00,i10Central,0.48,0,0,0
2026-01-02 03:00:00,i10East,0.42,0,0,0
2026-01-02 03:00:00,mesa,0.22,0,0,0
2026-01-02 03:00:00,sunland,0.348,1,0,0
2026-01-02 03:00:00,us54,0.297,0,0,0
2026-01-02 03:00:00,paisano,0.256,0,0,0
2026-01-02 03:00:00,loop375,0.297,0,0,0
2026-01-02 04:00:00,i10West,0.514,0,1,0
2026-01-02 04:00:00,i10Central,0.682,0,1,0
2026-01-02 04:00:00,i10East,0.582,0,1,0
2026-01-02 04:00:00,mesa,0.333,0,1,0
2026-01-02 04:00:00,sunland,0.354,0,1,0
2026-01-02 04:00:00,us54,0.44,0,1,0
2026-01-02 04:00:00,paisano,0.321,0,1,0
2026-01-02 04:00:00,loop375,0.355,0,1,0
2026-01-02 05:00:00,i10West,0.535,0,0,0
2026-01-02 05:00:00,i10Central,0.653,0,0,0
2026-01-02 05:00:00,i10East,0.627,1,0,0
2026-01-02 05:00:00,mesa,0.327,0,0,0
2026-01-02 05:00:00,sunland,0.285,0,0,0
2026-01-02 05:00:00,us54,0.422,0,0,0
2026-01-02 05:00:00,paisano,0.351,0,0,0
2026-01-02 05:00:00,loop375,0.488,1,0,0
2026-01-02 06:00:00,i10West,0.62,0,0,0
2026-01-02 06:00:00,i10Central,0.799,0,0,0
2026-01-02 06:00:00,i10East,0.642,0,0,0
2026-01-02 06:00:00,mesa,0.421,0,0,0
2026-01-02 06:00:00,sunland,0.412,0,0,0
2026-01-02 06:00:00,us54,0.515,0,0,0
2026-01-02 06:00:00,paisano,0.402,0,0,0
2026-01-02 06:00:00,loop375,0.434,0,0,0
2026-01-02 07:00:00,i10West,0.844,0,0,0
2026-01-02 07:00:00,i10Central,0.98,0,0,0
2026-01-02 07:00:00,i10East,0.795,0,0,0
2026-01-02 07:00:00,mesa,0.563,0,0,0
2026-01-02 07:00:00,sunland,0.616,1,0,0
2026-01-02 07:00:00,us54,0.599,0,0,0
2026-01-02 07:00:00,paisano,0.512,0,0,0
2026-01-02 07:00:00,loop375,0.55,0,0,0
2026-01-02 08:00:00,i10West,0.901,0,0,0
2026-01-02 08:00:00,i10Central,0.98,0,0,0
2026-01-02 08:00:00,i10East,0.881,0,0,0
2026-01-02 08:00:00,mesa,0.59,0,0,0
2026-01-02 08:00:00,sunland,0.546,0,0,0
2026-01-02 08:00:00,us54,0.661,0,0,0
2026-01-02 08:00:00,paisano,0.593,0,0,0
2026-01-02 08:00:00,loop375,0.589,0,0,0
2026-01-02 09:00:00,i10West,0.943,0,1,0
2026-01-02 09:00:00,i10Central,0.98,0,1,0
2026-01-02 09:00:00,i10East,0.919,0,1,0
2026-01-02 09:00:00,mesa,0.597,0,1,0
2026-01-02 09:00:00,sunland,0.619,0,1,0
2026-01-02 09:00:00,us54,0.706,0,1,0
2026-01-02 09:00:00,paisano,0.624,0,1,0
2026-01-02 09:00:00,loop375,0.661,0,1,0
2026-01-02 10:00:00,i10West,0.692,0,0,0
2026-01-02 10:00:00,i10Central,0.81,0,0,0
2026-01-02 10:00:00,i10East,0.682,0,0,0
2026-01-02 10:00:00,mesa,0.48,0,0,0
2026-01-02 10:00:00,sunland,0.445,0,0,0
2026-01-02 10:00:00,us54,0.547,0,0,0
2026-01-02 10:00:00,paisano,0.492,0,0,0
2026-01-02 10:00:00,loop375,0.463,0,0,0
2026-01-02 11:00:00,i10West,0.573,0,0,0
2026-01-02 11:00:00,i10Central,0.687,0,0,0
2026-01-02 11:00:00,i10East,0.571,0,0,0
2026-01-02 11:00:00,mesa,0.344,0,0,0
2026-01-02 11:00:00,sunland,0.326,0,0,0
2026-01-02 11:00:00,us54,0.406,0,0,0
2026-01-02 11:00:00,paisano,0.405,0,0,0
2026-01-02 11:00:00,loop375,0.41,0,0,0
2026-01-02 12:00:00,i10West,0.604,0,1,0
2026-01-02 12:00:00,i10Central,0.721,0,1,0
2026-01-02 12:00:00,i10East,0.651,0,1,0
2026-01-02 12:00:00,mesa,0.388,0,1,0
2026-01-02 12:00:00,sunland,0.328,0,1,0
2026-01-02 12:00:00,us54,0.492,0,1,0
2026-01-02 12:00:00,paisano,0.432,0,1,0
2026-01-02 12:00:00,loop375,0.567,1,1,0
2026-01-02 13:00:00,i10West,0.515,0,0,0
2026-01-02 13:00:00,i10Central,0.682,0,0,0
2026-01-02 13:00:00,i10East,0.519,0,0,0
2026-01-02 13:00:00,mesa,0.357,0,0,0
2026-01-02 13:00:00,sunland,0.32,0,0,0
2026-01-02 13:00:00,us54,0.409,0,0,0
2026-01-02 13:00:00,paisano,0.515,1,0,0
2026-01-02 13:00:00,loop375,0.391,0,0,0
2026-01-02 14:00:00,i10West,0.717,0,1,0
2026-01-02 14:00:00,i10Central,0.904,0,1,0
2026-01-02 14:00:00,i10East,0.781,0,1,0
2026-01-02 14:00:00,mesa,0.452,0,1,0
2026-01-02 14:00:00,sunland,0.427,0,1,0
2026-01-02 14:00:00,us54,0.588,0,1,0
2026-01-02 14:00:00,paisano,0.556,0,1,0
2026-01-02 14:00:00,loop375,0.503,0,1,0
2026-01-02 15:00:00,i10West,0.888,1,0,0
2026-01-02 15:00:00,i10Central,0.966,0,0,0
2026-01-02 15:00:00,i10East,0.793,0,0,0
2026-01-02 15:00:00,mesa,0.552,0,0,0
2026-01-02 15:00:00,sunland,0.461,0,0,0
2026-01-02 15:00:00,us54,0.64,0,0,0
2026-01-02 15:00:00,paisano,0.531,0,0,0
2026-01-02 15:00:00,loop375,0.59,0,0,0
2026-01-02 16:00:00,i10West,0.918,0,0,0
2026-01-02 16:00:00,i10Central,0.98,0,0,0
2026-01-02 16:00:00,i10East,0.905,0,0,0
2026-01-02 16:00:00,mesa,0.619,0,0,0
2026-01-02 16:00:00,sunland,0.6,0,0,0
2026-01-02 16:00:00,us54,0.698,0,0,0
2026-01-02 16:00:00,paisano,0.628,0,0,0
2026-01-02 16:00:00,loop375,0.659,0,0,0
2026-01-02 17:00:00,i10West,0.973,0,0,0
2026-01-02 17:00:00,i10Central,0.98,0,0,0
2026-01-02 17:00:00,i10East,0.98,0,0,0
2026-01-02 17:00:00,mesa,0.684,0,0,0
2026-01-02 17:00:00,sunland,0.665,0,0,0
2026-01-02 17:00:00,us54,0.751,0,0,0
2026-01-02 17:00:00,paisano,0.689,0,0,0
2026-01-02 17:00:00,loop375,0.685,0,0,0
2026-01-02 18:00:00,i10West,0.952,0,0,0
2026-01-02 18:00:00,i10Central,0.98,0,0,0
2026-01-02 18:00:00,i10East,0.907,0,0,0
2026-01-02 18:00:00,mesa,0.674,0,0,0
2026-01-02 18:00:00,sunland,0.633,0,0,0
2026-01-02 18:00:00,us54,0.684,0,0,0
2026-01-02 18:00:00,paisano,0.628,0,0,0
2026-01-02 18:00:00,loop375,0.653,0,0,0
2026-01-02 19:00:00,i10West,0.826,0,0,0
2026-01-02 19:00:00,i10Central,0.948,0,0,0
2026-01-02 19:00:00,i10East,0.773,0,0,0
2026-01-02 19:00:00,mesa,0.58,0,0,0
2026-01-02 19:00:00,sunland,0.527,0,0,0
2026-01-02 19:00:00,us54,0.627,0,0,0
2026-01-02 19:00:00,paisano,0.551,0,0,0
2026-01-02 19:00:00,loop375,0.552,0,0,0
2026-01-02 20:00:00,i10West,0.653,0,0,0
2026-01-02 20:00:00,i10Central,0.922,1,0,0
2026-01-02 20:00:00,i10East,0.681,0,0,0
2026-01-02 20:00:00,mesa,0.434,0,0,0
2026-01-02 20:00:00,sunland,0.404,0,0,0
2026-01-02 20:00:00,us54,0.49,0,0,0
2026-01-02 20:00:00,paisano,0.431,0,0,0
2026-01-02 20:00:00,loop375,0.435,0,0,0
2026-01-02 21:00:00,i10West,0.527,0,0,0
2026-01-02 21:00:00,i10Central,0.641,0,0,0
2026-01-02 21:00:00,i10East,0.504,0,0,0
2026-01-02 21:00:00,mesa,0.302,0,0,0
2026-01-02 21:00:00,sunland,0.299,0,0,0
2026-01-02 21:00:00,us54,0.411,0,0,0
2026-01-02 21:00:00,paisano,0.335,0,0,0
2026-01-02 21:00:00,loop375,0.39,0,0,0
2026-01-02 22:00:00,i10West,0.422,0,0,0
2026-01-02 22:00:00,i10Central,0.55,0,0,0
2026-01-02 22:00:00,i10East,0.422,0,0,0
2026-01-02 22:00:00,mesa,0.237,0,0,0
2026-01-02 22:00:00,sunland,0.222,0,0,0
2026-01-02 22:00:00,us54,0.349,0,0,0
2026-01-02 22:00:00,paisano,0.317,0,0,0
2026-01-02 22:00:00,loop375,0.289,0,0,0
2026-01-02 23:00:00,i10West,0.527,1,0,0
2026-01-02 23:00:00,i10Central,0.501,0,0,0
2026-01-02 23:00:00,i10East,0.41,0,0,0
2026-01-02 23:00:00,mesa,0.243,0,0,0
2026-01-02 23:00:00,sunland,0.194,0,0,0
2026-01-02 23:00:00,us54,0.335,0,0,0
2026-01-02 23:00:00,paisano,0.237,0,0,0
2026-01-02 23:00:00,loop375,0.307,0,0,0
2026-01-03 00:00:00,i10West,0.395,0,0,0
2026-01-03 00:00:00,i10Central,0.496,0,0,0
2026-01-03 00:00:00,i10East,0.414,0,0,0
2026-01-03 00:00:00,mesa,0.266,0,0,0
2026-01-03 00:00:00,sunland,0.201,0,0,0
2026-01-03 00:00:00,us54,0.282,0,0,0
2026-01-03 00:00:00,paisano,0.236,0,0,0
2026-01-03 00:00:00,loop375,0.305,0,0,0
2026-01-03 01:00:00,i10West,0.385,0,0,0
2026-01-03 01:00:00,i10Central,0.509,0,0,0
2026-01-03 01:00:00,i10East,0.408,0,0,0
2026-01-03 01:00:00,mesa,0.244,0,0,0
2026-01-03 01:00:00,sunland,0.232,0,0,0
2026-01-03 01:00:00,us54,0.336,0,0,0
2026-01-03 01:00:00,paisano,0.262,0,0,0
2026-01-03 01:00:00,loop375,0.296,0,0,0
2026-01-03 02:00:00,i10West,0.397,0,0,0
2026-01-03 02:00:00,i10Central,0.484,0,0,0
2026-01-03 02:00:00,i10East,0.407,0,0,0
2026-01-03 02:00:00,mesa,0.253,0,0,0
2026-01-03 02:00:00,sunland,0.203,0,0,0
2026-01-03 02:00:00,us54,0.298,0,0,0
2026-01-03 02:00:00,paisano,0.239,0,0,0
2026-01-03 02:00:00,loop375,0.29,0,0,0
2026-01-03 03:00:00,i10West,0.357,0,0,0
2026-01-03 03:00:00,i10Central,0.464,0,0,0
2026-01-03 03:00:00,i10East,0.41,0,0,0
2026-01-03 03:00:00,mesa,0.214,0,0,0
2026-01-03 03:00:00,sunland,0.193,0,0,0
2026-01-03 03:00:00,us54,0.299,0,0,0
2026-01-03 03:00:00,paisano,0.246,0,0,0
2026-01-03 03:00:00,loop375,0.287,0,0,0
2026-01-03 04:00:00,i10West,0.392,0,0,0
2026-01-03 04:00:00,i10Central,0.54,0,0,0
2026-01-03 04:00:00,i10East,0.433,0,0,0
2026-01-03 04:00:00,mesa,0.229,0,0,0
2026-01-03 04:00:00,sunland,0.221,0,0,0
2026-01-03 04:00:00,us54,0.332,0,0,0
2026-01-03 04:00:00,paisano,0.268,0,0,0
2026-01-03 04:00:00,loop375,0.277,0,0,0
2026-01-03 05:00:00,i10West,0.489,0,0,0
2026-01-03 05:00:00,i10Central,0.629,0,0,0
2026-01-03 05:00:00,i10East,0.63,1,0,0
2026-01-03 05:00:00,mesa,0.332,0,0,0
2026-01-03 05:00:00,sunland,0.295,0,0,0
2026-01-03 05:00:00,us54,0.361,0,0,0
2026-01-03 05:00:00,paisano,0.398,1,0,0
2026-01-03 05:00:00,loop375,0.323,0,0,0
2026-01-03 06:00:00,i10West,0.58,0,0,0
2026-01-03 06:00:00,i10Central,0.691,0,0,0
2026-01-03 06:00:00,i10East,0.573,0,0,0
2026-01-03 06:00:00,mesa,0.412,0,0,0
2026-01-03 06:00:00,sunland,0.364,0,0,0
2026-01-03 06:00:00,us54,0.445,0,0,0
2026-01-03 06:00:00,paisano,0.372,0,0,0
2026-01-03 06:00:00,loop375,0.384,0,0,0
2026-01-03 07:00:00,i10West,0.668,0,0,0
2026-01-03 07:00:00,i10Central,0.844,0,0,0
2026-01-03 07:00:00,i10East,0.732,0,0,0
2026-01-03 07:00:00,mesa,0.476,0,0,0
2026-01-03 07:00:00,sunland,0.425,0,0,0
2026-01-03 07:00:00,us54,0.516,0,0,0
2026-01-03 07:00:00,paisano,0.435,0,0,0
2026-01-03 07:00:00,loop375,0.61,1,0,0
2026-01-03 08:00:00,i10West,0.885,0,1,0
2026-01-03 08:00:00,i10Central,0.98,0,1,0
2026-01-03 08:00:00,i10East,0.919,0,1,0
2026-01-03 08:00:00,mesa,0.721,1,1,0
2026-01-03 08:00:00,sunland,0.651,1,1,0
2026-01-03 08:00:00,us54,0.626,0,1,0
2026-01-03 08:00:00,paisano,0.539,0,1,0
2026-01-03 08:00:00,loop375,0.718,1,1,0
2026-01-03 09:00:00,i10West,0.752,0,0,0
2026-01-03 09:00:00,i10Central,0.98,1,0,0
2026-01-03 09:00:00,i10East,0.736,0,0,0
2026-01-03 09:00:00,mesa,0.523,0,0,0
2026-01-03 09:00:00,sunland,0.492,0,0,0
2026-01-03 09:00:00,us54,0.523,0,0,0
2026-01-03 09:00:00,paisano,0.452,0,0,0
2026-01-03 09:00:00,loop375,0.483,0,0,0
2026-01-03 10:00:00,i10West,0.591,0,0,0
2026-01-03 10:00:00,i10Central,0.72,0,0,0
2026-01-03 10:00:00,i10East,0.572,0,0,0
2026-01-03 10:00:00,mesa,0.423,0,0,0
2026-01-03 10:00:00,sunland,0.381,0,0,0
2026-01-03 10:00:00,us54,0.481,0,0,0
2026-01-03 10:00:00,paisano,0.437,0,0,0
2026-01-03 10:00:00,loop375,0.403,0,0,0
2026-01-03 11:00:00,i10West,0.543,0,0,0
2026-01-03 11:00:00,i10Central,0.647,0,0,0
2026-01-03 11:00:00,i10East,0.482,0,0,0
2026-01-03 11:00:00,mesa,0.329,0,0,0
2026-01-03 11:00:00,sunland,0.51,2,0,0
2026-01-03 11:00:00,us54,0.417,0,0,0
2026-01-03 11:00:00,paisano,0.367,0,0,0
2026-01-03 11:00:00,loop375,0.335,0,0,0
2026-01-03 12:00:00,i10West,0.489,0,0,0
2026-01-03 12:00:00,i10Central,0.564,0,0,0
2026-01-03 12:00:00,i10East,0.478,0,0,0
2026-01-03 12:00:00,mesa,0.32,0,0,0
2026-01-03 12:00:00,sunland,0.248,0,0,0
2026-01-03 12:00:00,us54,0.346,0,0,0
2026-01-03 12:00:00,paisano,0.311,0,0,0
2026-01-03 12:00:00,loop375,0.344,0,0,0
2026-01-03 13:00:00,i10West,0.485,0,0,0
2026-01-03 13:00:00,i10Central,0.599,0,0,0
2026-01-03 13:00:00,i10East,0.525,0,0,0
2026-01-03 13:00:00,mesa,0.318,0,0,0
2026-01-03 13:00:00,sunland,0.277,0,0,0
2026-01-03 13:00:00,us54,0.367,0,0,0
2026-01-03 13:00:00,paisano,0.481,1,0,0
2026-01-03 13:00:00,loop375,0.377,0,0,0
2026-01-03 14:00:00,i10West,0.571,0,0,0
2026-01-03 14:00:00,i10Central,0.846,1,0,0
2026-01-03 14:00:00,i10East,0.582,0,0,0
2026-01-03 14:00:00,mesa,0.353,0,0,0
2026-01-03 14:00:00,sunland,0.324,0,0,0
2026-01-03 14:00:00,us54,0.443,0,0,0
2026-01-03 14:00:00,paisano,0.414,0,0,0
2026-01-03 14:00:00,loop375,0.4,0,0,0
2026-01-03 15:00:00,i10West,0.707,0,0,0
2026-01-03 15:00:00,i10Central,0.98,2,0,0
2026-01-03 15:00:00,i10East,0.765,0,0,0
2026-01-03 15:00:00,mesa,0.461,0,0,0
2026-01-03 15:00:00,sunland,0.441,0,0,0
2026-01-03 15:00:00,us54,0.548,0,0,0
2026-01-03 15:00:00,paisano,0.476,0,0,0
2026-01-03 15:00:00,loop375,0.504,0,0,0
2026-01-03 16:00:00,i10West,0.932,1,0,0
2026-01-03 16:00:00,i10Central,0.977,0,0,0
2026-01-03 16:00:00,i10East,0.827,0,0,0
2026-01-03 16:00:00,mesa,0.54,0,0,0
2026-01-03 16:00:00,sunland,0.505,0,0,0
2026-01-03 16:00:00,us54,0.623,0,0,0
2026-01-03 16:00:00,paisano,0.533,0,0,0
2026-01-03 16:00:00,loop375,0.589,0,0,0
2026-01-03 17:00:00,i10West,0.843,0,0,0
2026-01-03 17:00:00,i10Central,0.98,0,0,0
2026-01-03 17:00:00,i10East,0.861,0,0,0
2026-01-03 17:00:00,mesa,0.581,0,0,0
2026-01-03 17:00:00,sunland,0.558,0,0,0
2026-01-03 17:00:00,us54,0.628,0,0,0
2026-01-03 17:00:00,paisano,0.544,0,0,0
2026-01-03 17:00:00,loop375,0.622,0,0,0
2026-01-03 18:00:00,i10West,0.795,0,0,0
2026-01-03 18:00:00,i10Central,0.979,0,0,0
2026-01-03 18:00:00,i10East,0.807,0,0,0
2026-01-03 18:00:00,mesa,0.584,0,0,0
2026-01-03 18:00:00,sunland,0.54,0,0,0
2026-01-03 18:00:00,us54,0.589,0,0,0
2026-01-03 18:00:00,paisano,0.512,0,0,0
2026-01-03 18:00:00,loop375,0.603,0,0,0
2026-01-03 19:00:00,i10West,0.695,0,0,0
2026-01-03 19:00:00,i10Central,0.861,0,0,0
2026-01-03 19:00:00,i10East,0.681,0,0,0
2026-01-03 19:00:00,mesa,0.494,0,0,0
2026-01-03 19:00:00,sunland,0.456,0,0,0
2026-01-03 19:00:00,us54,0.529,0,0,0
2026-01-03 19:00:00,paisano,0.493,0,0,0
2026-01-03 19:00:00,loop375,0.473,0,0,0
2026-01-03 20:00:00,i10West,0.595,0,0,0
2026-01-03 20:00:00,i10Central,0.695,0,0,0
2026-01-03 20:00:00,i10East,0.557,0,0,0
2026-01-03 20:00:00,mesa,0.383,0,0,0
2026-01-03 20:00:00,sunland,0.353,0,0,0
2026-01-03 20:00:00,us54,0.442,0,0,0
2026-01-03 20:00:00,paisano,0.411,0,0,0
2026-01-03 20:00:00,loop375,0.4,0,0,0
2026-01-03 21:00:00,i10West,0.578,1,0,0
2026-01-03 21:00:00,i10Central,0.614,0,0,0
2026-01-03 21:00:00,i10East,0.499,0,0,0
2026-01-03 21:00:00,mesa,0.287,0,0,0
2026-01-03 21:00:00,sunland,0.249,0,0,0
2026-01-03 21:00:00,us54,0.382,0,0,0
2026-01-03 21:00:00,paisano,0.345,0,0,0
2026-01-03 21:00:00,loop375,0.325,0,0,0
2026-01-03 22:00:00,i10West,0.409,0,0,0
2026-01-03 22:00:00,i10Central,0.487,0,0,0
2026-01-03 22:00:00,i10East,0.421,0,0,0
2026-01-03 22:00:00,mesa,0.264,0,0,0
2026-01-03 22:00:00,sunland,0.213,0,0,0
2026-01-03 22:00:00,us54,0.313,0,0,0
2026-01-03 22:00:00,paisano,0.265,0,0,0
2026-01-03 22:00:00,loop375,0.287,0,0,0
2026-01-03 23:00:00,i10West,0.396,0,0,0
2026-01-03 23:00:00,i10Central,0.518,0,0,0
2026-01-03 23:00:00,i10East,0.421,0,0,0
2026-01-03 23:00:00,mesa,0.277,0,0,0
2026-01-03 23:00:00,sunland,0.212,0,0,0
2026-01-03 23:00:00,us54,0.332,0,0,0
2026-01-03 23:00:00,paisano,0.238,0,0,0
2026-01-03 23:00:00,loop375,0.312,0,0,0
2026-01-04 00:00:00,i10West,0.394,0,0,0
2026-01-04 00:00:00,i10Central,0.479,0,0,0
2026-01-04 00:00:00,i10East,0.37,0,0,0
2026-01-04 00:00:00,mesa,0.234,0,0,0
2026-01-04 00:00:00,sunland,0.179,0,0,0
2026-01-04 00:00:00,us54,0.282,0,0,0
2026-01-04 00:00:00,paisano,0.285,0,0,0
2026-01-04 00:00:00,loop375,0.28,0,0,0
2026-01-04 01:00:00,i10West,0.345,0,0,0
2026-01-04 01:00:00,i10Central,0.49,0,0,0
2026-01-04 01:00:00,i10East,0.411,0,0,0
2026-01-04 01:00:00,mesa,0.202,0,0,0
2026-01-04 01:00:00,sunland,0.174,0,0,0
2026-01-04 01:00:00,us54,0.313,0,0,0
2026-01-04 01:00:00,paisano,0.245,0,0,0
2026-01-04 01:00:00,loop375,0.313,0,0,0
2026-01-04 02:00:00,i10West,0.399,0,0,0
2026-01-04 02:00:00,i10Central,0.475,0,0,0
2026-01-04 02:00:00,i10East,0.408,0,0,0
2026-01-04 02:00:00,mesa,0.213,0,0,0
2026-01-04 02:00:00,sunland,0.201,0,0,0
2026-01-04 02:00:00,us54,0.309,0,0,0
2026-01-04 02:00:00,paisano,0.251,0,0,0
2026-01-04 02:00:00,loop375,0.307,0,0,0
2026-01-04 03:00:00,i10West,0.373,0,0,0
2026-01-04 03:00:00,i10Central,0.463,0,0,0
2026-01-04 03:00:00,i10East,0.374,0,0,0
2026-01-04 03:00:00,mesa,0.256,0,0,0
2026-01-04 03:00:00,sunland,0.239,0,0,0
2026-01-04 03:00:00,us54,0.295,0,0,0
2026-01-04 03:00:00,paisano,0.24,0,0,0
2026-01-04 03:00:00,loop375,0.297,0,0,0
2026-01-04 04:00:00,i10West,0.523,0,1,0
2026-01-04 04:00:00,i10Central,0.637,0,1,0
2026-01-04 04:00:00,i10East,0.559,0,1,0
2026-01-04 04:00:00,mesa,0.33,0,1,0
2026-01-04 04:00:00,sunland,0.308,0,1,0
2026-01-04 04:00:00,us54,0.384,0,1,0
2026-01-04 04:00:00,paisano,0.324,0,1,0
2026-01-04 04:00:00,loop375,0.383,0,1,0
2026-01-04 05:00:00,i10West,0.492,0,0,0
2026-01-04 05:00:00,i10Central,0.614,0,0,0
2026-01-04 05:00:00,i10East,0.517,0,0,0
2026-01-04 05:00:00,mesa,0.338,0,0,0
2026-01-04 05:00:00,sunland,0.294,0,0,0
2026-01-04 05:00:00,us54,0.386,0,0,0
2026-01-04 05:00:00,paisano,0.349,0,0,0
2026-01-04 05:00:00,loop375,0.339,0,0,0
2026-01-04 06:00:00,i10West,0.559,0,0,0
2026-01-04 06:00:00,i10Central,0.694,0,0,0
2026-01-04 06:00:00,i10East,0.621,0,0,0
2026-01-04 06:00:00,mesa,0.365,0,0,0
2026-01-04 06:00:00,sunland,0.338,0,0,0
2026-01-04 06:00:00,us54,0.427,0,0,0
2026-01-04 06:00:00,paisano,0.404,0,0,0
2026-01-04 06:00:00,loop375,0.53,1,0,0
2026-01-04 07:00:00,i10West,0.699,0,0,0
2026-01-04 07:00:00,i10Central,0.846,0,0,0
2026-01-04 07:00:00,i10East,0.687,0,0,0
2026-01-04 07:00:00,mesa,0.509,0,0,0
2026-01-04 07:00:00,sunland,0.445,0,0,0
2026-01-04 07:00:00,us54,0.516,0,0,0
2026-01-04 07:00:00,paisano,0.435,0,0,0
2026-01-04 07:00:00,loop375,0.464,0,0,0
2026-01-04 08:00:00,i10West,0.804,0,0,0
2026-01-04 08:00:00,i10Central,0.948,0,0,0
2026-01-04 08:00:00,i10East,0.746,0,0,0
2026-01-04 08:00:00,mesa,0.557,0,0,0
2026-01-04 08:00:00,sunland,0.632,1,0,0
2026-01-04 08:00:00,us54,0.564,0,0,0
2026-01-04 08:00:00,paisano,0.652,1,0,0
2026-01-04 08:00:00,loop375,0.557,0,0,0
2026-01-04 09:00:00,i10West,0.739,0,0,0
2026-01-04 09:00:00,i10Central,0.879,0,0,0
2026-01-04 09:00:00,i10East,0.693,0,0,0
2026-01-04 09:00:00,mesa,0.487,0,0,0
2026-01-04 09:00:00,sunland,0.477,0,0,0
2026-01-04 09:00:00,us54,0.563,0,0,0
2026-01-04 09:00:00,paisano,0.47,0,0,0
2026-01-04 09:00:00,loop375,0.506,0,0,0
2026-01-04 10:00:00,i10West,0.599,0,0,0
2026-01-04 10:00:00,i10Central,0.764,0,0,0
2026-01-04 10:00:00,i10East,0.629,0,0,0
2026-01-04 10:00:00,mesa,0.389,0,0,0
2026-01-04 10:00:00,sunland,0.381,0,0,0
2026-01-04 10:00:00,us54,0.492,0,0,0
2026-01-04 10:00:00,paisano,0.396,0,0,0
2026-01-04 10:00:00,loop375,0.44,0,0,0
2026-01-04 11:00:00,i10West,0.499,0,0,0
2026-01-04 11:00:00,i10Central,0.649,0,0,0
2026-01-04 11:00:00,i10East,0.519,0,0,0
2026-01-04 11:00:00,mesa,0.317,0,0,0
2026-01-04 11:00:00,sunland,0.277,0,0,0
2026-01-04 11:00:00,us54,0.392,0,0,0
2026-01-04 11:00:00,paisano,0.377,0,0,0
2026-01-04 11:00:00,loop375,0.355,0,0,0
2026-01-04 12:00:00,i10West,0.582,1,0,0
2026-01-04 12:00:00,i10Central,0.58,0,0,0
2026-01-04 12:00:00,i10East,0.471,0,0,0
2026-01-04 12:00:00,mesa,0.28,0,0,0
2026-01-04 12:00:00,sunland,0.23,0,0,0
2026-01-04 12:00:00,us54,0.367,0,0,0
2026-01-04 12:00:00,paisano,0.343,0,0,0
2026-01-04 12:00:00,loop375,0.342,0,0,0
2026-01-04 13:00:00,i10West,0.492,0,0,0
2026-01-04 13:00:00,i10Central,0.587,0,0,0
2026-01-04 13:00:00,i10East,0.493,0,0,0
2026-01-04 13:00:00,mesa,0.417,1,0,0
2026-01-04 13:00:00,sunland,0.28,0,0,0
2026-01-04 13:00:00,us54,0.371,0,0,0
2026-01-04 13:00:00,paisano,0.378,0,0,0
2026-01-04 13:00:00,loop375,0.36,0,0,0
2026-01-04 14:00:00,i10West,0.576,0,0,0
2026-01-04 14:00:00,i10Central,0.712,0,0,0
2026-01-04 14:00:00,i10East,0.586,0,0,0
2026-01-04 14:00:00,mesa,0.345,0,0,0
2026-01-04 14:00:00,sunland,0.364,0,0,0
2026-01-04 14:00:00,us54,0.482,0,0,0
2026-01-04 14:00:00,paisano,0.401,0,0,0
2026-01-04 14:00:00,loop375,0.383,0,0,0
2026-01-04 15:00:00,i10West,0.669,0,0,0
2026-01-04 15:00:00,i10Central,0.872,0,0,0
2026-01-04 15:00:00,i10East,0.699,0,0,0
2026-01-04 15:00:00,mesa,0.435,0,0,0
2026-01-04 15:00:00,sunland,0.446,0,0,0
2026-01-04 15:00:00,us54,0.571,0,0,0
2026-01-04 15:00:00,paisano,0.461,0,0,0
2026-01-04 15:00:00,loop375,0.49,0,0,0
2026-01-04 16:00:00,i10West,0.791,0,0,0
2026-01-04 16:00:00,i10Central,0.98,0,0,0
2026-01-04 16:00:00,i10East,0.796,0,0,0
2026-01-04 16:00:00,mesa,0.564,0,0,0
2026-01-04 16:00:00,sunland,0.494,0,0,0
2026-01-04 16:00:00,us54,0.629,0,0,0
2026-01-04 16:00:00,paisano,0.542,0,0,0
2026-01-04 16:00:00,loop375,0.593,0,0,0
2026-01-04 17:00:00,i10West,0.844,0,0,0
2026-01-04 17:00:00,i10Central,0.98,0,0,0
2026-01-04 17:00:00,i10East,0.847,0,0,0
2026-01-04 17:00:00,mesa,0.592,0,0,0
2026-01-04 17:00:00,sunland,0.584,0,0,0
2026-01-04 17:00:00,us54,0.636,0,0,0
2026-01-04 17:00:00,paisano,0.554,0,0,0
2026-01-04 17:00:00,loop375,0.601,0,0,0
2026-01-04 18:00:00,i10West,0.825,0,0,0
2026-01-04 18:00:00,i10Central,0.956,0,0,0
2026-01-04 18:00:00,i10East,0.808,0,0,0
2026-01-04 18:00:00,mesa,0.546,0,0,0
2026-01-04 18:00:00,sunland,0.506,0,0,0
2026-01-04 18:00:00,us54,0.619,0,0,0
2026-01-04 18:00:00,paisano,0.552,0,0,0
2026-01-04 18:00:00,loop375,0.551,0,0,0
2026-01-04 19:00:00,i10West,0.712,0,0,0
2026-01-04 19:00:00,i10Central,0.829,0,0,0
2026-01-04 19:00:00,i10East,0.696,0,0,0
2026-01-04 19:00:00,mesa,0.498,0,0,0
2026-01-04 19:00:00,sunland,0.435,0,0,0
2026-01-04 19:00:00,us54,0.544,0,0,0
2026-01-04 19:00:00,paisano,0.499,0,0,0
2026-01-04 19:00:00,loop375,0.529,0,0,0
2026-01-04 20:00:00,i10West,0.606,0,0,0
2026-01-04 20:00:00,i10Central,0.704,0,0,0
2026-01-04 20:00:00,i10East,0.585,0,0,0
2026-01-04 20:00:00,mesa,0.411,0,0,0
2026-01-04 20:00:00,sunland,0.375,0,0,0
2026-01-04 20:00:00,us54,0.444,0,0,0
2026-01-04 20:00:00,paisano,0.396,0,0,0
2026-01-04 20:00:00,loop375,0.415,0,0,0
2026-01-04 21:00:00,i10West,0.512,0,0,0
2026-01-04 21:00:00,i10Central,0.62,0,0,0
2026-01-04 21:00:00,i10East,0.514,0,0,0
2026-01-04 21:00:00,mesa,0.309,0,0,0
2026-01-04 21:00:00,sunland,0.31,0,0,0
2026-01-04 21:00:00,us54,0.369,0,0,0
2026-01-04 21:00:00,paisano,0.339,0,0,0
2026-01-04 21:00:00,loop375,0.359,0,0,0
2026-01-04 22:00:00,i10West,0.399,0,0,0
2026-01-04 22:00:00,i10Central,0.538,0,0,0
2026-01-04 22:00:00,i10East,0.454,0,0,0
2026-01-04 22:00:00,mesa,0.251,0,0,0
2026-01-04 22:00:00,sunland,0.25,0,0,0
2026-01-04 22:00:00,us54,0.357,0,0,0
2026-01-04 22:00:00,paisano,0.312,0,0,0
2026-01-04 22:00:00,loop375,0.276,0,0,0
2026-01-04 23:00:00,i10West,0.388,0,0,0
2026-01-04 23:00:00,i10Central,0.505,0,0,0
2026-01-04 23:00:00,i10East,0.438,0,0,0
2026-01-04 23:00:00,mesa,0.26,0,0,0
2026-01-04 23:00:00,sunland,0.208,0,0,0
2026-01-04 23:00:00,us54,0.295,0,0,0
2026-01-04 23:00:00,paisano,0.278,0,0,0
2026-01-04 23:00:00,loop375,0.312,0,0,0
2026-01-05 00:00:00,i10West,0.486,0,1,0
2026-01-05 00:00:00,i10Central,0.62,0,1,0
2026-01-05 00:00:00,i10East,0.522,0,1,0
2026-01-05 00:00:00,mesa,0.327,0,1,0
2026-01-05 00:00:00,sunland,0.256,0,1,0
2026-01-05 00:00:00,us54,0.371,0,1,0
2026-01-05 00:00:00,paisano,0.303,0,1,0
2026-01-05 00:00:00,loop375,0.473,1,1,0
2026-01-05 01:00:00,i10West,0.498,0,1,0
2026-01-05 01:00:00,i10Central,0.599,0,1,0
2026-01-05 01:00:00,i10East,0.499,0,1,0
2026-01-05 01:00:00,mesa,0.339,0,1,0
2026-01-05 01:00:00,sunland,0.284,0,1,0
2026-01-05 01:00:00,us54,0.369,0,1,0
2026-01-05 01:00:00,paisano,0.359,0,1,0
2026-01-05 01:00:00,loop375,0.343,0,1,0
2026-01-05 02:00:00,i10West,0.497,0,1,0
2026-01-05 02:00:00,i10Central,0.618,0,1,0
2026-01-05 02:00:00,i10East,0.529,0,1,0
2026-01-05 02:00:00,mesa,0.337,0,1,0
2026-01-05 02:00:00,sunland,0.309,0,1,0
2026-01-05 02:00:00,us54,0.401,0,1,0
2026-01-05 02:00:00,paisano,0.313,0,1,0
2026-01-05 02:00:00,loop375,0.351,0,1,0
2026-01-05 03:00:00,i10West,0.388,0,0,0
2026-01-05 03:00:00,i10Central,0.496,0,0,0
2026-01-05 03:00:00,i10East,0.412,0,0,0
2026-01-05 03:00:00,mesa,0.236,0,0,0
2026-01-05 03:00:00,sunland,0.245,0,0,0
2026-01-05 03:00:00,us54,0.305,0,0,0
2026-01-05 03:00:00,paisano,0.26,0,0,0
2026-01-05 03:00:00,loop375,0.29,0,0,0
2026-01-05 04:00:00,i10West,0.432,0,0,0
2026-01-05 04:00:00,i10Central,0.548,0,0,0
2026-01-05 04:00:00,i10East,0.436,0,0,0
2026-01-05 04:00:00,mesa,0.253,0,0,0
2026-01-05 04:00:00,sunland,0.272,0,0,0
2026-01-05 04:00:00,us54,0.347,0,0,0
2026-01-05 04:00:00,paisano,0.266,0,0,0
2026-01-05 04:00:00,loop375,0.429,1,0,0
2026-01-05 05:00:00,i10West,0.495,0,0,0
2026-01-05 05:00:00,i10Central,0.636,0,0,0
2026-01-05 05:00:00,i10East,0.639,1,0,0
2026-01-05 05:00:00,mesa,0.328,0,0,0
2026-01-05 05:00:00,sunland,0.329,0,0,0
2026-01-05 05:00:00,us54,0.375,0,0,0
2026-01-05 05:00:00,paisano,0.352,0,0,0
2026-01-05 05:00:00,loop375,0.375,0,0,0
2026-01-05 06:00:00,i10West,0.654,0,0,0
2026-01-05 06:00:00,i10Central,0.795,0,0,0
2026-01-05 06:00:00,i10East,0.659,0,0,0
2026-01-05 06:00:00,mesa,0.45,0,0,0
2026-01-05 06:00:00,sunland,0.416,0,0,0
2026-01-05 06:00:00,us54,0.503,0,0,0
2026-01-05 06:00:00,paisano,0.436,0,0,0
2026-01-05 06:00:00,loop375,0.478,0,0,0
2026-01-05 07:00:00,i10West,0.782,0,0,0
2026-01-05 07:00:00,i10Central,0.98,0,0,0
2026-01-05 07:00:00,i10East,0.838,0,0,0
2026-01-05 07:00:00,mesa,0.567,0,0,0
2026-01-05 07:00:00,sunland,0.489,0,0,0
2026-01-05 07:00:00,us54,0.574,0,0,0
2026-01-05 07:00:00,paisano,0.549,0,0,0
2026-01-05 07:00:00,loop375,0.532,0,0,0
2026-01-05 08:00:00,i10West,0.913,0,0,0
2026-01-05 08:00:00,i10Central,0.98,0,0,0
2026-01-05 08:00:00,i10East,0.88,0,0,0
2026-01-05 08:00:00,mesa,0.635,0,0,0
2026-01-05 08:00:00,sunland,0.591,0,0,0
2026-01-05 08:00:00,us54,0.622,0,0,0
2026-01-05 08:00:00,paisano,0.61,0,0,0
2026-01-05 08:00:00,loop375,0.603,0,0,0
2026-01-05 09:00:00,i10West,0.868,0,0,0
2026-01-05 09:00:00,i10Central,0.98,0,0,0
2026-01-05 09:00:00,i10East,0.851,0,0,0
2026-01-05 09:00:00,mesa,0.594,0,0,0
2026-01-05 09:00:00,sunland,0.502,0,0,0
2026-01-05 09:00:00,us54,0.637,0,0,0
2026-01-05 09:00:00,paisano,0.578,0,0,0
2026-01-05 09:00:00,loop375,0.585,0,0,0
2026-01-05 10:00:00,i10West,0.697,0,0,0
2026-01-05 10:00:00,i10Central,0.829,0,0,0
2026-01-05 10:00:00,i10East,0.693,0,0,0
2026-01-05 10:00:00,mesa,0.472,0,0,0
2026-01-05 10:00:00,sunland,0.379,0,0,0
2026-01-05 10:00:00,us54,0.518,0,0,0
2026-01-05 10:00:00,paisano,0.456,0,0,0
2026-01-05 10:00:00,loop375,0.487,0,0,0
2026-01-05 11:00:00,i10West,0.561,0,0,0
2026-01-05 11:00:00,i10Central,0.646,0,0,0
2026-01-05 11:00:00,i10East,0.51,0,0,0
2026-01-05 11:00:00,mesa,0.322,0,0,0
2026-01-05 11:00:00,sunland,0.292,0,0,0
2026-01-05 11:00:00,us54,0.394,0,0,0
2026-01-05 11:00:00,paisano,0.398,0,0,0
2026-01-05 11:00:00,loop375,0.392,0,0,0
2026-01-05 12:00:00,i10West,0.469,0,0,0
2026-01-05 12:00:00,i10Central,0.59,0,0,0
2026-01-05 12:00:00,i10East,0.467,0,0,0
2026-01-05 12:00:00,mesa,0.328,0,0,0
2026-01-05 12:00:00,sunland,0.253,0,0,0
2026-01-05 12:00:00,us54,0.384,0,0,0
2026-01-05 12:00:00,paisano,0.315,0,0,0
2026-01-05 12:00:00,loop375,0.381,0,0,0
2026-01-05 13:00:00,i10West,0.491,0,0,0
2026-01-05 13:00:00,i10Central,0.656,0,0,0
2026-01-05 13:00:00,i10East,0.512,0,0,0
2026-01-05 13:00:00,mesa,0.299,0,0,0
2026-01-05 13:00:00,sunland,0.284,0,0,0
2026-01-05 13:00:00,us54,0.43,0,0,0
2026-01-05 13:00:00,paisano,0.378,0,0,0
2026-01-05 13:00:00,loop375,0.407,0,0,0
2026-01-05 14:00:00,i10West,0.593,0,0,0
2026-01-05 14:00:00,i10Central,0.77,0,0,0
2026-01-05 14:00:00,i10East,0.655,0,0,0
2026-01-05 14:00:00,mesa,0.369,0,0,0
2026-01-05 14:00:00,sunland,0.365,0,0,0
2026-01-05 14:00:00,us54,0.488,0,0,0
2026-01-05 14:00:00,paisano,0.471,0,0,0
2026-01-05 14:00:00,loop375,0.417,0,0,0
2026-01-05 15:00:00,i10West,0.756,0,0,0
2026-01-05 15:00:00,i10Central,0.964,0,0,0
2026-01-05 15:00:00,i10East,0.765,0,0,0
2026-01-05 15:00:00,mesa,0.485,0,0,0
2026-01-05 15:00:00,sunland,0.495,0,0,0
2026-01-05 15:00:00,us54,0.6,0,0,0
2026-01-05 15:00:00,paisano,0.699,1,0,0
2026-01-05 15:00:00,loop375,0.539,0,0,0
2026-01-05 16:00:00,i10West,0.937,0,0,0
2026-01-05 16:00:00,i10Central,0.98,0,0,0
2026-01-05 16:00:00,i10East,0.901,0,0,0
2026-01-05 16:00:00,mesa,0.622,0,0,0
2026-01-05 16:00:00,sunland,0.607,0,0,0
2026-01-05 16:00:00,us54,0.703,0,0,0
2026-01-05 16:00:00,paisano,0.66,0,0,0
2026-01-05 16:00:00,loop375,0.615,0,0,0
2026-01-05 17:00:00,i10West,0.98,0,0,0
2026-01-05 17:00:00,i10Central,0.98,0,0,0
2026-01-05 17:00:00,i10East,0.98,0,0,0
2026-01-05 17:00:00,mesa,0.652,0,0,0
2026-01-05 17:00:00,sunland,0.669,0,0,0
2026-01-05 17:00:00,us54,0.714,0,0,0
2026-01-05 17:00:00,paisano,0.66,0,0,0
2026-01-05 17:00:00,loop375,0.716,0,0,0
2026-01-05 18:00:00,i10West,0.98,0,1,0
2026-01-05 18:00:00,i10Central,0.98,0,1,0
2026-01-05 18:00:00,i10East,0.98,0,1,0
2026-01-05 18:00:00,mesa,0.741,0,1,0
2026-01-05 18:00:00,sunland,0.663,0,1,0
2026-01-05 18:00:00,us54,0.738,0,1,0
2026-01-05 18:00:00,paisano,0.691,0,1,0
2026-01-05 18:00:00,loop375,0.71,0,1,0
2026-01-05 19:00:00,i10West,0.817,0,0,0
2026-01-05 19:00:00,i10Central,0.977,0,0,0
2026-01-05 19:00:00,i10East,0.798,0,0,0
2026-01-05 19:00:00,mesa,0.537,0,0,0
2026-01-05 19:00:00,sunland,0.505,0,0,0
2026-01-05 19:00:00,us54,0.582,0,0,0
2026-01-05 19:00:00,paisano,0.518,0,0,0
2026-01-05 19:00:00,loop375,0.588,0,0,0
2026-01-05 20:00:00,i10West,0.663,0,0,0
2026-01-05 20:00:00,i10Central,0.806,0,0,0
2026-01-05 20:00:00,i10East,0.638,0,0,0
2026-01-05 20:00:00,mesa,0.425,0,0,0
2026-01-05 20:00:00,sunland,0.364,0,0,0
2026-01-05 20:00:00,us54,0.488,0,0,0
2026-01-05 20:00:00,paisano,0.463,0,0,0
2026-01-05 20:00:00,loop375,0.427,0,0,0
2026-01-05 21:00:00,i10West,0.518,0,0,0
2026-01-05 21:00:00,i10Central,0.652,0,0,0
2026-01-05 21:00:00,i10East,0.495,0,0,0
2026-01-05 21:00:00,mesa,0.362,0,0,0
2026-01-05 21:00:00,sunland,0.263,0,0,0
2026-01-05 21:00:00,us54,0.4,0,0,0
2026-01-05 21:00:00,paisano,0.342,0,0,0
2026-01-05 21:00:00,loop375,0.38,0,0,0
2026-01-05 22:00:00,i10West,0.421,0,0,0
2026-01-05 22:00:00,i10Central,0.567,0,0,0
2026-01-05 22:00:00,i10East,0.452,0,0,0
2026-01-05 22:00:00,mesa,0.284,0,0,0
2026-01-05 22:00:00,sunland,0.206,0,0,0
2026-01-05 22:00:00,us54,0.333,0,0,0
2026-01-05 22:00:00,paisano,0.303,0,0,0
2026-01-05 22:00:00,loop375,0.321,0,0,0
2026-01-05 23:00:00,i10West,0.407,0,0,0
2026-01-05 23:00:00,i10Central,0.524,0,0,0
2026-01-05 23:00:00,i10East,0.401,0,0,0
2026-01-05 23:00:00,mesa,0.255,0,0,0
2026-01-05 23:00:00,sunland,0.182,0,0,0
2026-01-05 23:00:00,us54,0.337,0,0,0
2026-01-05 23:00:00,paisano,0.295,0,0,0
2026-01-05 23:00:00,loop375,0.303,0,0,0
2026-01-06 00:00:00,i10West,0.369,0,0,0
2026-01-06 00:00:00,i10Central,0.49,0,0,0
2026-01-06 00:00:00,i10East,0.386,0,0,0
2026-01-06 00:00:00,mesa,0.217,0,0,0
2026-01-06 00:00:00,sunland,0.187,0,0,0
2026-01-06 00:00:00,us54,0.31,0,0,0
2026-01-06 00:00:00,paisano,0.254,0,0,0
2026-01-06 00:00:00,loop375,0.252,0,0,0
2026-01-06 01:00:00,i10West,0.408,0,0,0
2026-01-06 01:00:00,i10Central,0.507,0,0,0
2026-01-06 01:00:00,i10East,0.4,0,0,0
2026-01-06 01:00:00,mesa,0.262,0,0,0
2026-01-06 01:00:00,sunland,0.289,1,0,0
2026-01-06 01:00:00,us54,0.334,0,0,0
2026-01-06 01:00:00,paisano,0.227,0,0,0
2026-01-06 01:00:00,loop375,0.247,0,0,0
2026-01-06 02:00:00,i10West,0.397,0,0,0
2026-01-06 02:00:00,i10Central,0.504,0,0,0
2026-01-06 02:00:00,i10East,0.439,0,0,0
2026-01-06 02:00:00,mesa,0.243,0,0,0
2026-01-06 02:00:00,sunland,0.199,0,0,0
2026-01-06 02:00:00,us54,0.288,0,0,0
2026-01-06 02:00:00,paisano,0.244,0,0,0
2026-01-06 02:00:00,loop375,0.407,1,0,0
2026-01-06 03:00:00,i10West,0.371,0,0,0
2026-01-06 03:00:00,i10Central,0.465,0,0,0
2026-01-06 03:00:00,i10East,0.425,0,0,0
2026-01-06 03:00:00,mesa,0.251,0,0,0
2026-01-06 03:00:00,sunland,0.199,0,0,0
2026-01-06 03:00:00,us54,0.321,0,0,0
2026-01-06 03:00:00,paisano,0.241,0,0,0
2026-01-06 03:00:00,loop375,0.308,0,0,0
2026-01-06 04:00:00,i10West,0.439,0,0,0
2026-01-06 04:00:00,i10Central,0.55,0,0,0
2026-01-06 04:00:00,i10East,0.456,0,0,0
2026-01-06 04:00:00,mesa,0.288,0,0,0
2026-01-06 04:00:00,sunland,0.239,0,0,0
2026-01-06 04:00:00,us54,0.359,0,0,0
2026-01-06 04:00:00,paisano,0.304,0,0,0
2026-01-06 04:00:00,loop375,0.339,0,0,0
2026-01-06 05:00:00,i10West,0.602,0,1,0
2026-01-06 05:00:00,i10Central,0.737,0,1,0
2026-01-06 05:00:00,i10East,0.607,0,1,0
2026-01-06 05:00:00,mesa,0.432,0,1,0
2026-01-06 05:00:00,sunland,0.39,0,1,0
2026-01-06 05:00:00,us54,0.445,0,1,0
2026-01-06 05:00:00,paisano,0.383,0,1,0
2026-01-06 05:00:00,loop375,0.443,0,1,0
2026-01-06 06:00:00,i10West,0.67,0,0,0
2026-01-06 06:00:00,i10Central,0.807,0,0,0
2026-01-06 06:00:00,i10East,0.651,0,0,0
2026-01-06 06:00:00,mesa,0.45,0,0,0
2026-01-06 06:00:00,sunland,0.404,0,0,0
2026-01-06 06:00:00,us54,0.582,1,0,0
2026-01-06 06:00:00,paisano,0.44,0,0,0
2026-01-06 06:00:00,loop375,0.423,0,0,0
2026-01-06 07:00:00,i10West,0.802,0,0,0
2026-01-06 07:00:00,i10Central,0.972,0,0,0
2026-01-06 07:00:00,i10East,0.812,0,0,0
2026-01-06 07:00:00,mesa,0.662,1,0,0
2026-01-06 07:00:00,sunland,0.532,0,0,0
2026-01-06 07:00:00,us54,0.616,0,0,0
2026-01-06 07:00:00,paisano,0.537,0,0,0
2026-01-06 07:00:00,loop375,0.521,0,0,0
2026-01-06 08:00:00,i10West,0.905,0,0,0
2026-01-06 08:00:00,i10Central,0.98,0,0,0
2026-01-06 08:00:00,i10East,0.896,0,0,0
2026-01-06 08:00:00,mesa,0.599,0,0,0
2026-01-06 08:00:00,sunland,0.583,0,0,0
2026-01-06 08:00:00,us54,0.643,0,0,0
2026-01-06 08:00:00,paisano,0.582,0,0,0
2026-01-06 08:00:00,loop375,0.707,1,0,0
2026-01-06 09:00:00,i10West,0.844,0,0,0
2026-01-06 09:00:00,i10Central,0.97,0,0,0
2026-01-06 09:00:00,i10East,0.802,0,0,0
2026-01-06 09:00:00,mesa,0.57,0,0,0
2026-01-06 09:00:00,sunland,0.525,0,0,0
2026-01-06 09:00:00,us54,0.618,0,0,0
2026-01-06 09:00:00,paisano,0.518,0,0,0
2026-01-06 09:00:00,loop375,0.572,0,0,0
2026-01-06 10:00:00,i10West,0.679,0,0,0
2026-01-06 10:00:00,i10Central,0.804,0,0,0
2026-01-06 10:00:00,i10East,0.682,0,0,0
2026-01-06 10:00:00,mesa,0.424,0,0,0
2026-01-06 10:00:00,sunland,0.518,1,0,0
2026-01-06 10:00:00,us54,0.501,0,0,0
2026-01-06 10:00:00,paisano,0.419,0,0,0
2026-01-06 10:00:00,loop375,0.491,0,0,0
2026-01-06 11:00:00,i10West,0.522,0,0,0
2026-01-06 11:00:00,i10Central,0.68,0,0,0
2026-01-06 11:00:00,i10East,0.559,0,0,0
2026-01-06 11:00:00,mesa,0.368,0,0,0
2026-01-06 11:00:00,sunland,0.346,0,0,0
2026-01-06 11:00:00,us54,0.396,0,0,0
2026-01-06 11:00:00,paisano,0.393,0,0,0
2026-01-06 11:00:00,loop375,0.356,0,0,0
2026-01-06 12:00:00,i10West,0.588,1,0,0
2026-01-06 12:00:00,i10Central,0.632,0,0,0
2026-01-06 12:00:00,i10East,0.605,1,0,0
2026-01-06 12:00:00,mesa,0.309,0,0,0
2026-01-06 12:00:00,sunland,0.287,0,0,0
2026-01-06 12:00:00,us54,0.385,0,0,0
2026-01-06 12:00:00,paisano,0.313,0,0,0
2026-01-06 12:00:00,loop375,0.313,0,0,0
2026-01-06 13:00:00,i10West,0.517,0,0,0
2026-01-06 13:00:00,i10Central,0.637,0,0,0
2026-01-06 13:00:00,i10East,0.511,0,0,0
2026-01-06 13:00:00,mesa,0.352,0,0,0
2026-01-06 13:00:00,sunland,0.262,0,0,0
2026-01-06 13:00:00,us54,0.442,0,0,0
2026-01-06 13:00:00,paisano,0.343,0,0,0
2026-01-06 13:00:00,loop375,0.375,0,0,0
2026-01-06 14:00:00,i10West,0.628,0,0,0
2026-01-06 14:00:00,i10Central,0.763,0,0,0
2026-01-06 14:00:00,i10East,0.755,1,0,0
2026-01-06 14:00:00,mesa,0.391,0,0,0
2026-01-06 14:00:00,sunland,0.34,0,0,0
2026-01-06 14:00:00,us54,0.497,0,0,0
2026-01-06 14:00:00,paisano,0.409,0,0,0
2026-01-06 14:00:00,loop375,0.447,0,0,0
2026-01-06 15:00:00,i10West,0.785,0,0,0
2026-01-06 15:00:00,i10Central,0.964,0,0,0
2026-01-06 15:00:00,i10East,0.772,0,0,0
2026-01-06 15:00:00,mesa,0.537,0,0,0
2026-01-06 15:00:00,sunland,0.461,0,0,0
2026-01-06 15:00:00,us54,0.573,0,0,0
2026-01-06 15:00:00,paisano,0.518,0,0,0
2026-01-06 15:00:00,loop375,0.559,0,0,0
2026-01-06 16:00:00,i10West,0.929,0,0,0
2026-01-06 16:00:00,i10Central,0.98,0,0,0
2026-01-06 16:00:00,i10East,0.946,0,0,0
2026-01-06 16:00:00,mesa,0.63,0,0,0
2026-01-06 16:00:00,sunland,0.61,0,0,0
2026-01-06 16:00:00,us54,0.709,0,0,0
2026-01-06 16:00:00,paisano,0.631,0,0,0
2026-01-06 16:00:00,loop375,0.68,0,0,0
2026-01-06 17:00:00,i10West,0.98,0,0,0
2026-01-06 17:00:00,i10Central,0.98,0,0,0
2026-01-06 17:00:00,i10East,0.98,0,0,0
2026-01-06 17:00:00,mesa,0.692,0,0,0
2026-01-06 17:00:00,sunland,0.626,0,0,0
2026-01-06 17:00:00,us54,0.705,0,0,0
2026-01-06 17:00:00,paisano,0.673,0,0,0
2026-01-06 17:00:00,loop375,0.683,0,0,0
2026-01-06 18:00:00,i10West,0.967,0,0,0
2026-01-06 18:00:00,i10Central,0.98,0,0,0
2026-01-06 18:00:00,i10East,0.941,0,0,0
2026-01-06 18:00:00,mesa,0.647,0,0,0
2026-01-06 18:00:00,sunland,0.582,0,0,0
2026-01-06 18:00:00,us54,0.717,0,0,0
2026-01-06 18:00:00,paisano,0.611,0,0,0
2026-01-06 18:00:00,loop375,0.684,0,0,0
2026-01-06 19:00:00,i10West,0.829,0,0,0
2026-01-06 19:00:00,i10Central,0.966,0,0,0
2026-01-06 19:00:00,i10East,0.796,0,0,0
2026-01-06 19:00:00,mesa,0.55,0,0,0
2026-01-06 19:00:00,sunland,0.53,0,0,0
2026-01-06 19:00:00,us54,0.63,0,0,0
2026-01-06 19:00:00,paisano,0.538,0,0,0
2026-01-06 19:00:00,loop375,0.59,0,0,0
2026-01-06 20:00:00,i10West,0.664,0,0,0
2026-01-06 20:00:00,i10Central,0.764,0,0,0
2026-01-06 20:00:00,i10East,0.62,0,0,0
2026-01-06 20:00:00,mesa,0.515,1,0,0
2026-01-06 20:00:00,sunland,0.366,0,0,0
2026-01-06 20:00:00,us54,0.52,0,0,0
2026-01-06 20:00:00,paisano,0.422,0,0,0
2026-01-06 20:00:00,loop375,0.474,0,0,0
2026-01-06 21:00:00,i10West,0.535,0,0,0
2026-01-06 21:00:00,i10Central,0.617,0,0,0
2026-01-06 21:00:00,i10East,0.515,0,0,0
2026-01-06 21:00:00,mesa,0.454,1,0,0
2026-01-06 21:00:00,sunland,0.295,0,0,0
2026-01-06 21:00:00,us54,0.381,0,0,0
2026-01-06 21:00:00,paisano,0.336,0,0,0
2026-01-06 21:00:00,loop375,0.356,0,0,0
2026-01-06 22:00:00,i10West,0.45,0,0,0
2026-01-06 22:00:00,i10Central,0.55,0,0,0
2026-01-06 22:00:00,i10East,0.467,0,0,0
2026-01-06 22:00:00,mesa,0.296,0,0,0
2026-01-06 22:00:00,sunland,0.209,0,0,0
2026-01-06 22:00:00,us54,0.319,0,0,0
2026-01-06 22:00:00,paisano,0.305,0,0,0
2026-01-06 22:00:00,loop375,0.3,0,0,0
2026-01-06 23:00:00,i10West,0.409,0,0,0
2026-01-06 23:00:00,i10Central,0.491,0,0,0
2026-01-06 23:00:00,i10East,0.531,1,0,0
2026-01-06 23:00:00,mesa,0.237,0,0,0
2026-01-06 23:00:00,sunland,0.216,0,0,0
2026-01-06 23:00:00,us54,0.296,0,0,0
2026-01-06 23:00:00,paisano,0.26,0,0,0
2026-01-06 23:00:00,loop375,0.323,0,0,0
2026-01-07 00:00:00,i10West,0.395,0,0,0
2026-01-07 00:00:00,i10Central,0.526,0,0,0
2026-01-07 00:00:00,i10East,0.42,0,0,0
2026-01-07 00:00:00,mesa,0.22,0,0,0
2026-01-07 00:00:00,sunland,0.193,0,0,0
2026-01-07 00:00:00,us54,0.33,0,0,0
2026-01-07 00:00:00,paisano,0.398,1,0,0
2026-01-07 00:00:00,loop375,0.294,0,0,0
2026-01-07 01:00:00,i10West,0.361,0,0,0
2026-01-07 01:00:00,i10Central,0.506,0,0,0
2026-01-07 01:00:00,i10East,0.397,0,0,0
2026-01-07 01:00:00,mesa,0.243,0,0,0
2026-01-07 01:00:00,sunland,0.194,0,0,0
2026-01-07 01:00:00,us54,0.303,0,0,0
2026-01-07 01:00:00,paisano,0.26,0,0,0
2026-01-07 01:00:00,loop375,0.257,0,0,0
2026-01-07 02:00:00,i10West,0.387,0,0,0
2026-01-07 02:00:00,i10Central,0.509,0,0,0
2026-01-07 02:00:00,i10East,0.379,0,0,0
2026-01-07 02:00:00,mesa,0.211,0,0,0
2026-01-07 02:00:00,sunland,0.172,0,0,0
2026-01-07 02:00:00,us54,0.336,0,0,0
2026-01-07 02:00:00,paisano,0.229,0,0,0
2026-01-07 02:00:00,loop375,0.296,0,0,0
2026-01-07 03:00:00,i10West,0.522,1,0,0
2026-01-07 03:00:00,i10Central,0.535,0,0,0
2026-01-07 03:00:00,i10East,0.4,0,0,0
2026-01-07 03:00:00,mesa,0.259,0,0,0
2026-01-07 03:00:00,sunland,0.181,0,0,0
2026-01-07 03:00:00,us54,0.311,0,0,0
2026-01-07 03:00:00,paisano,0.236,0,0,0
2026-01-07 03:00:00,loop375,0.309,0,0,0
2026-01-07 04:00:00,i10West,0.448,0,0,0
2026-01-07 04:00:00,i10Central,0.65,1,0,0
2026-01-07 04:00:00,i10East,0.463,0,0,0
2026-01-07 04:00:00,mesa,0.264,0,0,0
2026-01-07 04:00:00,sunland,0.244,0,0,0
2026-01-07 04:00:00,us54,0.318,0,0,0
2026-01-07 04:00:00,paisano,0.275,0,0,0
2026-01-07 04:00:00,loop375,0.291,0,0,0
2026-01-07 05:00:00,i10West,0.534,0,0,0
2026-01-07 05:00:00,i10Central,0.635,0,0,0
2026-01-07 05:00:00,i10East,0.511,0,0,0
2026-01-07 05:00:00,mesa,0.351,0,0,0
2026-01-07 05:00:00,sunland,0.295,0,0,0
2026-01-07 05:00:00,us54,0.41,0,0,0
2026-01-07 05:00:00,paisano,0.323,0,0,0
2026-01-07 05:00:00,loop375,0.385,0,0,0
2026-01-07 06:00:00,i10West,0.636,0,0,0
2026-01-07 06:00:00,i10Central,0.813,0,0,0
2026-01-07 06:00:00,i10East,0.68,0,0,0
2026-01-07 06:00:00,mesa,0.439,0,0,0
2026-01-07 06:00:00,sunland,0.434,0,0,0
2026-01-07 06:00:00,us54,0.505,0,0,0
2026-01-07 06:00:00,paisano,0.446,0,0,0
2026-01-07 06:00:00,loop375,0.425,0,0,0
2026-01-07 07:00:00,i10West,0.789,0,0,0
2026-01-07 07:00:00,i10Central,0.98,0,0,0
2026-01-07 07:00:00,i10East,0.801,0,0,0
2026-01-07 07:00:00,mesa,0.522,0,0,0
2026-01-07 07:00:00,sunland,0.544,0,0,0
2026-01-07 07:00:00,us54,0.613,0,0,0
2026-01-07 07:00:00,paisano,0.517,0,0,0
2026-01-07 07:00:00,loop375,0.568,0,0,0
2026-01-07 08:00:00,i10West,0.862,0,0,0
2026-01-07 08:00:00,i10Central,0.98,0,0,0
2026-01-07 08:00:00,i10East,0.885,0,0,0
2026-01-07 08:00:00,mesa,0.632,0,0,0
2026-01-07 08:00:00,sunland,0.554,0,0,0
2026-01-07 08:00:00,us54,0.64,0,0,0
2026-01-07 08:00:00,paisano,0.573,0,0,0
2026-01-07 08:00:00,loop375,0.694,1,0,0
2026-01-07 09:00:00,i10West,0.842,0,0,0
2026-01-07 09:00:00,i10Central,0.98,0,0,0
2026-01-07 09:00:00,i10East,0.808,0,0,0
2026-01-07 09:00:00,mesa,0.552,0,0,0
2026-01-07 09:00:00,sunland,0.49,0,0,0
2026-01-07 09:00:00,us54,0.636,0,0,0
2026-01-07 09:00:00,paisano,0.573,0,0,0
2026-01-07 09:00:00,loop375,0.589,0,0,0
2026-01-07 10:00:00,i10West,0.658,0,0,0
2026-01-07 10:00:00,i10Central,0.803,0,0,0
2026-01-07 10:00:00,i10East,0.68,0,0,0
2026-01-07 10:00:00,mesa,0.461,0,0,0
2026-01-07 10:00:00,sunland,0.386,0,0,0
2026-01-07 10:00:00,us54,0.53,0,0,0
2026-01-07 10:00:00,paisano,0.455,0,0,0
2026-01-07 10:00:00,loop375,0.441,0,0,0
2026-01-07 11:00:00,i10West,0.516,0,0,0
2026-01-07 11:00:00,i10Central,0.643,0,0,0
2026-01-07 11:00:00,i10East,0.549,0,0,0
2026-01-07 11:00:00,mesa,0.365,0,0,0
2026-01-07 11:00:00,sunland,0.313,0,0,0
2026-01-07 11:00:00,us54,0.402,0,0,0
2026-01-07 11:00:00,paisano,0.357,0,0,0
2026-01-07 11:00:00,loop375,0.369,0,0,0
2026-01-07 12:00:00,i10West,0.458,0,0,0
2026-01-07 12:00:00,i10Central,0.567,0,0,0
2026-01-07 12:00:00,i10East,0.476,0,0,0
2026-01-07 12:00:00,mesa,0.277,0,0,0
2026-01-07 12:00:00,sunland,0.297,0,0,0
2026-01-07 12:00:00,us54,0.398,0,0,0
2026-01-07 12:00:00,paisano,0.303,0,0,0
2026-01-07 12:00:00,loop375,0.349,0,0,0
2026-01-07 13:00:00,i10West,0.47,0,0,0
2026-01-07 13:00:00,i10Central,0.631,0,0,0
2026-01-07 13:00:00,i10East,0.528,0,0,0
2026-01-07 13:00:00,mesa,0.301,0,0,0
2026-01-07 13:00:00,sunland,0.286,0,0,0
2026-01-07 13:00:00,us54,0.431,0,0,0
2026-01-07 13:00:00,paisano,0.331,0,0,0
2026-01-07 13:00:00,loop375,0.406,0,0,0
2026-01-07 14:00:00,i10West,0.589,0,0,0
2026-01-07 14:00:00,i10Central,0.761,0,0,0
2026-01-07 14:00:00,i10East,0.655,0,0,0
2026-01-07 14:00:00,mesa,0.401,0,0,0
2026-01-07 14:00:00,sunland,0.358,0,0,0
2026-01-07 14:00:00,us54,0.613,1,0,0
2026-01-07 14:00:00,paisano,0.444,0,0,0
2026-01-07 14:00:00,loop375,0.483,0,0,0
2026-01-07 15:00:00,i10West,0.742,0,0,0
2026-01-07 15:00:00,i10Central,0.98,0,0,0
2026-01-07 15:00:00,i10East,0.817,0,0,0
2026-01-07 15:00:00,mesa,0.532,0,0,0
2026-01-07 15:00:00,sunland,0.49,0,0,0
2026-01-07 15:00:00,us54,0.869,2,0,0
2026-01-07 15:00:00,paisano,0.559,0,0,0
2026-01-07 15:00:00,loop375,0.544,0,0,0
2026-01-07 16:00:00,i10West,0.895,0,0,0
2026-01-07 16:00:00,i10Central,0.98,0,0,0
2026-01-07 16:00:00,i10East,0.936,0,0,0
2026-01-07 16:00:00,mesa,0.649,0,0,0
2026-01-07 16:00:00,sunland,0.593,0,0,0
2026-01-07 16:00:00,us54,0.734,0,0,0
2026-01-07 16:00:00,paisano,0.648,0,0,0
2026-01-07 16:00:00,loop375,0.671,0,0,0
2026-01-07 17:00:00,i10West,0.98,0,0,0
2026-01-07 17:00:00,i10Central,0.98,0,0,0
2026-01-07 17:00:00,i10East,0.98,1,0,0
2026-01-07 17:00:00,mesa,0.653,0,0,0
2026-01-07 17:00:00,sunland,0.628,0,0,0
2026-01-07 17:00:00,us54,0.705,0,0,0
2026-01-07 17:00:00,paisano,0.709,0,0,0
2026-01-07 17:00:00,loop375,0.697,0,0,0
2026-01-07 18:00:00,i10West,0.922,0,0,0
2026-01-07 18:00:00,i10Central,0.98,0,0,0
2026-01-07 18:00:00,i10East,0.954,0,0,0
2026-01-07 18:00:00,mesa,0.624,0,0,0
2026-01-07 18:00:00,sunland,0.604,0,0,0
2026-01-07 18:00:00,us54,0.713,0,0,0
2026-01-07 18:00:00,paisano,0.669,0,0,0
2026-01-07 18:00:00,loop375,0.649,0,0,0
2026-01-07 19:00:00,i10West,0.84,0,0,0
2026-01-07 19:00:00,i10Central,0.98,0,0,0
2026-01-07 19:00:00,i10East,0.836,0,0,0
2026-01-07 19:00:00,mesa,0.572,0,0,0
2026-01-07 19:00:00,sunland,0.504,0,0,0
2026-01-07 19:00:00,us54,0.635,0,0,0
2026-01-07 19:00:00,paisano,0.547,0,0,0
2026-01-07 19:00:00,loop375,0.685,1,0,0
2026-01-07 20:00:00,i10West,0.624,0,0,0
2026-01-07 20:00:00,i10Central,0.787,0,0,0
2026-01-07 20:00:00,i10East,0.626,0,0,0
2026-01-07 20:00:00,mesa,0.399,0,0,0
2026-01-07 20:00:00,sunland,0.398,0,0,0
2026-01-07 20:00:00,us54,0.516,0,0,0
2026-01-07 20:00:00,paisano,0.437,0,0,0
2026-01-07 20:00:00,loop375,0.456,0,0,0
2026-01-07 21:00:00,i10West,0.505,0,0,0
2026-01-07 21:00:00,i10Central,0.65,0,0,0
2026-01-07 21:00:00,i10East,0.641,1,0,0
2026-01-07 21:00:00,mesa,0.322,0,0,0
2026-01-07 21:00:00,sunland,0.31,0,0,0
2026-01-07 21:00:00,us54,0.394,0,0,0
2026-01-07 21:00:00,paisano,0.315,0,0,0
2026-01-07 21:00:00,loop375,0.515,1,0,0
2026-01-07 22:00:00,i10West,0.446,0,0,0
2026-01-07 22:00:00,i10Central,0.57,0,0,0
2026-01-07 22:00:00,i10East,0.435,0,0,0
2026-01-07 22:00:00,mesa,0.304,0,0,0
2026-01-07 22:00:00,sunland,0.211,0,0,0
2026-01-07 22:00:00,us54,0.358,0,0,0
2026-01-07 22:00:00,paisano,0.281,0,0,0
2026-01-07 22:00:00,loop375,0.353,0,0,0
2026-01-07 23:00:00,i10West,0.389,0,0,0
2026-01-07 23:00:00,i10Central,0.502,0,0,0
2026-01-07 23:00:00,i10East,0.417,0,0,0
2026-01-07 23:00:00,mesa,0.27,0,0,0
2026-01-07 23:00:00,sunland,0.178,0,0,0
2026-01-07 23:00:00,us54,0.295,0,0,0
2026-01-07 23:00:00,paisano,0.287,0,0,0
2026-01-07 23:00:00,loop375,0.286,0,0,0
2026-01-08 00:00:00,i10West,0.375,0,0,0
2026-01-08 00:00:00,i10Central,0.495,0,0,0
2026-01-08 00:00:00,i10East,0.384,0,0,0
2026-01-08 00:00:00,mesa,0.268,0,0,0
2026-01-08 00:00:00,sunland,0.189,0,0,0
2026-01-08 00:00:00,us54,0.328,0,0,0
2026-01-08 00:00:00,paisano,0.264,0,0,0
2026-01-08 00:00:00,loop375,0.281,0,0,0
2026-01-08 01:00:00,i10West,0.365,0,0,0
2026-01-08 01:00:00,i10Central,0.477,0,0,0
2026-01-08 01:00:00,i10East,0.422,0,0,0
2026-01-08 01:00:00,mesa,0.254,0,0,0
2026-01-08 01:00:00,sunland,0.199,0,0,0
2026-01-08 01:00:00,us54,0.305,0,0,0
2026-01-08 01:00:00,paisano,0.261,0,0,0
2026-01-08 01:00:00,loop375,0.262,0,0,0
2026-01-08 02:00:00,i10West,0.427,0,0,0
2026-01-08 02:00:00,i10Central,0.49,0,0,0
2026-01-08 02:00:00,i10East,0.594,2,0,0
2026-01-08 02:00:00,mesa,0.387,1,0,0
2026-01-08 02:00:00,sunland,0.201,0,0,0
2026-01-08 02:00:00,us54,0.285,0,0,0
2026-01-08 02:00:00,paisano,0.282,0,0,0
2026-01-08 02:00:00,loop375,0.274,0,0,0
2026-01-08 03:00:00,i10West,0.42,0,0,0
2026-01-08 03:00:00,i10Central,0.515,0,0,0
2026-01-08 03:00:00,i10East,0.446,0,0,0
2026-01-08 03:00:00,mesa,0.282,0,0,0
2026-01-08 03:00:00,sunland,0.197,0,0,0
2026-01-08 03:00:00,us54,0.304,0,0,0
2026-01-08 03:00:00,paisano,0.234,0,0,0
2026-01-08 03:00:00,loop375,0.407,1,0,0
2026-01-08 04:00:00,i10West,0.405,0,0,0
2026-01-08 04:00:00,i10Central,0.541,0,0,0
2026-01-08 04:00:00,i10East,0.409,0,0,0
2026-01-08 04:00:00,mesa,0.282,0,0,0
2026-01-08 04:00:00,sunland,0.254,0,0,0
2026-01-08 04:00:00,us54,0.336,0,0,0
2026-01-08 04:00:00,paisano,0.252,0,0,0
2026-01-08 04:00:00,loop375,0.295,0,0,0
2026-01-08 05:00:00,i10West,0.487,0,0,0
2026-01-08 05:00:00,i10Central,0.657,0,0,0
2026-01-08 05:00:00,i10East,0.531,0,0,0
2026-01-08 05:00:00,mesa,0.322,0,0,0
2026-01-08 05:00:00,sunland,0.32,0,0,0
2026-01-08 05:00:00,us54,0.392,0,0,0
2026-01-08 05:00:00,paisano,0.338,0,0,0
2026-01-08 05:00:00,loop375,0.325,0,0,0
2026-01-08 06:00:00,i10West,0.644,0,0,0
2026-01-08 06:00:00,i10Central,0.828,0,0,0
2026-01-08 06:00:00,i10East,0.678,0,0,0
2026-01-08 06:00:00,mesa,0.453,0,0,0
2026-01-08 06:00:00,sunland,0.427,0,0,0
2026-01-08 06:00:00,us54,0.452,0,0,0
2026-01-08 06:00:00,paisano,0.579,1,0,0
2026-01-08 06:00:00,loop375,0.574,1,0,0
2026-01-08 07:00:00,i10West,0.834,0,0,0
2026-01-08 07:00:00,i10Central,0.969,0,0,0
2026-01-08 07:00:00,i10East,0.789,0,0,0
2026-01-08 07:00:00,mesa,0.571,0,0,0
2026-01-08 07:00:00,sunland,0.528,0,0,0
2026-01-08 07:00:00,us54,0.561,0,0,0
2026-01-08 07:00:00,paisano,0.579,0,0,0
2026-01-08 07:00:00,loop375,0.56,0,0,0
2026-01-08 08:00:00,i10West,0.91,0,0,0
2026-01-08 08:00:00,i10Central,0.98,0,0,0
2026-01-08 08:00:00,i10East,0.883,0,0,0
2026-01-08 08:00:00,mesa,0.582,0,0,0
2026-01-08 08:00:00,sunland,0.559,0,0,0
2026-01-08 08:00:00,us54,0.653,0,0,0
2026-01-08 08:00:00,paisano,0.579,0,0,0
2026-01-08 08:00:00,loop375,0.638,0,0,0
2026-01-08 09:00:00,i10West,0.812,0,0,0
2026-01-08 09:00:00,i10Central,0.98,0,0,0
2026-01-08 09:00:00,i10East,0.804,0,0,0
2026-01-08 09:00:00,mesa,0.56,0,0,0
2026-01-08 09:00:00,sunland,0.497,0,0,0
2026-01-08 09:00:00,us54,0.593,0,0,0
2026-01-08 09:00:00,paisano,0.552,0,0,0
2026-01-08 09:00:00,loop375,0.573,0,0,0
2026-01-08 10:00:00,i10West,0.658,0,0,0
2026-01-08 10:00:00,i10Central,0.792,0,0,0
2026-01-08 10:00:00,i10East,0.676,0,0,0
2026-01-08 10:00:00,mesa,0.464,0,0,0
2026-01-08 10:00:00,sunland,0.42,0,0,0
2026-01-08 10:00:00,us54,0.535,0,0,0
2026-01-08 10:00:00,paisano,0.461,0,0,0
2026-01-08 10:00:00,loop375,0.497,0,0,0
2026-01-08 11:00:00,i10West,0.553,0,0,0
2026-01-08 11:00:00,i10Central,0.651,0,0,0
2026-01-08 11:00:00,i10East,0.564,0,0,0
2026-01-08 11:00:00,mesa,0.36,0,0,0
2026-01-08 11:00:00,sunland,0.333,0,0,0
2026-01-08 11:00:00,us54,0.424,0,0,0
2026-01-08 11:00:00,paisano,0.382,0,0,0
2026-01-08 11:00:00,loop375,0.388,0,0,0
2026-01-08 12:00:00,i10West,0.5,0,0,0
2026-01-08 12:00:00,i10Central,0.593,0,0,0
2026-01-08 12:00:00,i10East,0.463,0,0,0
2026-01-08 12:00:00,mesa,0.325,0,0,0
2026-01-08 12:00:00,sunland,0.404,1,0,0
2026-01-08 12:00:00,us54,0.379,0,0,0
2026-01-08 12:00:00,paisano,0.309,0,0,0
2026-01-08 12:00:00,loop375,0.319,0,0,0
2026-01-08 13:00:00,i10West,0.485,0,0,0
2026-01-08 13:00:00,i10Central,0.634,0,0,0
2026-01-08 13:00:00,i10East,0.531,0,0,0
2026-01-08 13:00:00,mesa,0.311,0,0,0
2026-01-08 13:00:00,sunland,0.317,0,0,0
2026-01-08 13:00:00,us54,0.434,0,0,0
2026-01-08 13:00:00,paisano,0.385,0,0,0
2026-01-08 13:00:00,loop375,0.403,0,0,0
2026-01-08 14:00:00,i10West,0.596,0,0,0
2026-01-08 14:00:00,i10Central,0.769,0,0,0
2026-01-08 14:00:00,i10East,0.616,0,0,0
2026-01-08 14:00:00,mesa,0.396,0,0,0
2026-01-08 14:00:00,sunland,0.353,0,0,0
2026-01-08 14:00:00,us54,0.477,0,0,0
2026-01-08 14:00:00,paisano,0.412,0,0,0
2026-01-08 14:00:00,loop375,0.435,0,0,0
2026-01-08 15:00:00,i10West,0.759,0,0,0
2026-01-08 15:00:00,i10Central,0.957,0,0,0
2026-01-08 15:00:00,i10East,0.791,0,0,0
2026-01-08 15:00:00,mesa,0.491,0,0,0
2026-01-08 15:00:00,sunland,0.469,0,0,0
2026-01-08 15:00:00,us54,0.601,0,0,0
2026-01-08 15:00:00,paisano,0.526,0,0,0
2026-01-08 15:00:00,loop375,0.569,0,0,0
2026-01-08 16:00:00,i10West,0.931,0,0,0
2026-01-08 16:00:00,i10Central,0.98,0,0,0
2026-01-08 16:00:00,i10East,0.923,0,0,0
2026-01-08 16:00:00,mesa,0.712,1,0,0
2026-01-08 16:00:00,sunland,0.625,0,0,0
2026-01-08 16:00:00,us54,0.694,0,0,0
2026-01-08 16:00:00,paisano,0.668,0,0,0
2026-01-08 16:00:00,loop375,0.632,0,0,0
2026-01-08 17:00:00,i10West,0.98,1,0,0
2026-01-08 17:00:00,i10Central,0.98,0,0,0
2026-01-08 17:00:00,i10East,0.98,0,0,0
2026-01-08 17:00:00,mesa,0.702,0,0,0
2026-01-08 17:00:00,sunland,0.65,0,0,0
2026-01-08 17:00:00,us54,0.736,0,0,0
2026-01-08 17:00:00,paisano,0.705,0,0,0
2026-01-08 17:00:00,loop375,0.687,0,0,0
2026-01-08 18:00:00,i10West,0.951,0,0,0
2026-01-08 18:00:00,i10Central,0.98,0,0,0
2026-01-08 18:00:00,i10East,0.918,0,0,0
2026-01-08 18:00:00,mesa,0.644,0,0,0
2026-01-08 18:00:00,sunland,0.621,0,0,0
2026-01-08 18:00:00,us54,0.675,0,0,0
2026-01-08 18:00:00,paisano,0.647,0,0,0
2026-01-08 18:00:00,loop375,0.63,0,0,0
2026-01-08 19:00:00,i10West,0.803,0,0,0
2026-01-08 19:00:00,i10Central,0.98,0,0,0
2026-01-08 19:00:00,i10East,0.818,0,0,0
2026-01-08 19:00:00,mesa,0.559,0,0,0
2026-01-08 19:00:00,sunland,0.487,0,0,0
2026-01-08 19:00:00,us54,0.631,0,0,0
2026-01-08 19:00:00,paisano,0.538,0,0,0
2026-01-08 19:00:00,loop375,0.584,0,0,0
2026-01-08 20:00:00,i10West,0.647,0,0,0
2026-01-08 20:00:00,i10Central,0.765,0,0,0
2026-01-08 20:00:00,i10East,0.637,0,0,0
2026-01-08 20:00:00,mesa,0.427,0,0,0
2026-01-08 20:00:00,sunland,0.39,0,0,0
2026-01-08 20:00:00,us54,0.461,0,0,0
2026-01-08 20:00:00,paisano,0.408,0,0,0
2026-01-08 20:00:00,loop375,0.447,0,0,0
2026-01-08 21:00:00,i10West,0.503,0,0,0
2026-01-08 21:00:00,i10Central,0.736,1,0,0
2026-01-08 21:00:00,i10East,0.582,0,0,0
2026-01-08 21:00:00,mesa,0.318,0,0,0
2026-01-08 21:00:00,sunland,0.304,0,0,0
2026-01-08 21:00:00,us54,0.375,0,0,0
2026-01-08 21:00:00,paisano,0.378,0,0,0
2026-01-08 21:00:00,loop375,0.505,1,0,0
2026-01-08 22:00:00,i10West,0.463,0,0,0
2026-01-08 22:00:00,i10Central,0.554,0,0,0
2026-01-08 22:00:00,i10East,0.469,0,0,0
2026-01-08 22:00:00,mesa,0.286,0,0,0
2026-01-08 22:00:00,sunland,0.226,0,0,0
2026-01-08 22:00:00,us54,0.369,0,0,0
2026-01-08 22:00:00,paisano,0.288,0,0,0
2026-01-08 22:00:00,loop375,0.343,0,0,0
2026-01-08 23:00:00,i10West,0.413,0,0,0
2026-01-08 23:00:00,i10Central,0.515,0,0,0
2026-01-08 23:00:00,i10East,0.432,0,0,0
2026-01-08 23:00:00,mesa,0.261,0,0,0
2026-01-08 23:00:00,sunland,0.179,0,0,0
2026-01-08 23:00:00,us54,0.325,0,0,0
2026-01-08 23:00:00,paisano,0.301,0,0,0
2026-01-08 23:00:00,loop375,0.314,0,0,0
2026-01-09 00:00:00,i10West,0.388,0,0,0
2026-01-09 00:00:00,i10Central,0.463,0,0,0
2026-01-09 00:00:00,i10East,0.437,0,0,0
2026-01-09 00:00:00,mesa,0.213,0,0,0
2026-01-09 00:00:00,sunland,0.207,0,0,0
2026-01-09 00:00:00,us54,0.321,0,0,0
2026-01-09 00:00:00,paisano,0.284,0,0,0
2026-01-09 00:00:00,loop375,0.377,1,0,0
2026-01-09 01:00:00,i10West,0.385,0,0,0
2026-01-09 01:00:00,i10Central,0.529,0,0,0
2026-01-09 01:00:00,i10East,0.43,0,0,0
2026-01-09 01:00:00,mesa,0.198,0,0,0
2026-01-09 01:00:00,sunland,0.188,0,0,0
2026-01-09 01:00:00,us54,0.408,1,0,0
2026-01-09 01:00:00,paisano,0.272,0,0,0
2026-01-09 01:00:00,loop375,0.282,0,0,0
2026-01-09 02:00:00,i10West,0.37,0,0,0
2026-01-09 02:00:00,i10Central,0.468,0,0,0
2026-01-09 02:00:00,i10East,0.377,0,0,0
2026-01-09 02:00:00,mesa,0.201,0,0,0
2026-01-09 02:00:00,sunland,0.176,0,0,0
2026-01-09 02:00:00,us54,0.301,0,0,0
2026-01-09 02:00:00,paisano,0.246,0,0,0
2026-01-09 02:00:00,loop375,0.291,0,0,0
2026-01-09 03:00:00,i10West,0.414,0,0,0
2026-01-09 03:00:00,i10Central,0.512,0,0,0
2026-01-09 03:00:00,i10East,0.394,0,0,0
2026-01-09 03:00:00,mesa,0.349,1,0,0
2026-01-09 03:00:00,sunland,0.197,0,0,0
2026-01-09 03:00:00,us54,0.336,0,0,0
2026-01-09 03:00:00,paisano,0.276,0,0,0
2026-01-09 03:00:00,loop375,0.295,0,0,0
2026-01-09 04:00:00,i10West,0.402,0,0,0
2026-01-09 04:00:00,i10Central,0.545,0,0,0
2026-01-09 04:00:00,i10East,0.427,0,0,0
2026-01-09 04:00:00,mesa,0.283,0,0,0
2026-01-09 04:00:00,sunland,0.214,0,0,0
2026-01-09 04:00:00,us54,0.372,0,0,0
2026-01-09 04:00:00,paisano,0.269,0,0,0
2026-01-09 04:00:00,loop375,0.29,0,0,0
2026-01-09 05:00:00,i10West,0.497,0,0,0
2026-01-09 05:00:00,i10Central,0.65,0,0,0
2026-01-09 05:00:00,i10East,0.543,0,0,0
2026-01-09 05:00:00,mesa,0.362,0,0,0
2026-01-09 05:00:00,sunland,0.315,0,0,0
2026-01-09 05:00:00,us54,0.376,0,0,0
2026-01-09 05:00:00,paisano,0.305,0,0,0
2026-01-09 05:00:00,loop375,0.366,0,0,0
2026-01-09 06:00:00,i10West,0.659,0,0,0
2026-01-09 06:00:00,i10Central,0.786,0,0,0
2026-01-09 06:00:00,i10East,0.652,0,0,0
2026-01-09 06:00:00,mesa,0.46,0,0,0
2026-01-09 06:00:00,sunland,0.509,1,0,0
2026-01-09 06:00:00,us54,0.465,0,0,0
2026-01-09 06:00:00,paisano,0.438,0,0,0
2026-01-09 06:00:00,loop375,0.438,0,0,0
2026-01-09 07:00:00,i10West,0.818,0,0,0
2026-01-09 07:00:00,i10Central,0.973,0,0,0
2026-01-09 07:00:00,i10East,0.822,0,0,0
2026-01-09 07:00:00,mesa,0.555,0,0,0
2026-01-09 07:00:00,sunland,0.557,0,0,0
2026-01-09 07:00:00,us54,0.598,0,0,0
2026-01-09 07:00:00,paisano,0.506,0,0,0
2026-01-09 07:00:00,loop375,0.559,0,0,0
2026-01-09 08:00:00,i10West,0.923,0,0,0
2026-01-09 08:00:00,i10Central,0.98,0,0,0
2026-01-09 08:00:00,i10East,0.879,0,0,0
2026-01-09 08:00:00,mesa,0.614,0,0,0
2026-01-09 08:00:00,sunland,0.663,1,0,0
2026-01-09 08:00:00,us54,0.636,0,0,0
2026-01-09 08:00:00,paisano,0.598,0,0,0
2026-01-09 08:00:00,loop375,0.579,0,0,0
2026-01-09 09:00:00,i10West,0.871,0,0,0
2026-01-09 09:00:00,i10Central,0.98,0,0,0
2026-01-09 09:00:00,i10East,0.825,0,0,0
2026-01-09 09:00:00,mesa,0.553,0,0,0
2026-01-09 09:00:00,sunland,0.565,0,0,0
2026-01-09 09:00:00,us54,0.632,0,0,0
2026-01-09 09:00:00,paisano,0.55,0,0,0
2026-01-09 09:00:00,loop375,0.546,0,0,0
2026-01-09 10:00:00,i10West,0.729,0,0,0
2026-01-09 10:00:00,i10Central,0.834,0,0,0
2026-01-09 10:00:00,i10East,0.701,0,0,0
2026-01-09 10:00:00,mesa,0.419,0,0,0
2026-01-09 10:00:00,sunland,0.544,1,0,0
2026-01-09 10:00:00,us54,0.637,1,0,0
2026-01-09 10:00:00,paisano,0.472,0,0,0
2026-01-09 10:00:00,loop375,0.502,0,0,0
2026-01-09 11:00:00,i10West,0.588,0,0,0
2026-01-09 11:00:00,i10Central,0.696,0,0,0
2026-01-09 11:00:00,i10East,0.575,0,0,0
2026-01-09 11:00:00,mesa,0.374,0,0,0
2026-01-09 11:00:00,sunland,0.362,0,0,0
2026-01-09 11:00:00,us54,0.432,0,0,0
2026-01-09 11:00:00,paisano,0.373,0,0,0
2026-01-09 11:00:00,loop375,0.419,0,0,0
2026-01-09 12:00:00,i10West,0.607,0,1,0
2026-01-09 12:00:00,i10Central,0.752,0,1,0
2026-01-09 12:00:00,i10East,0.647,0,1,0
2026-01-09 12:00:00,mesa,0.5,1,1,0
2026-01-09 12:00:00,sunland,0.316,0,1,0
2026-01-09 12:00:00,us54,0.618,1,1,0
2026-01-09 12:00:00,paisano,0.393,0,1,0
2026-01-09 12:00:00,loop375,0.457,0,1,0
2026-01-09 13:00:00,i10West,0.502,0,0,0
2026-01-09 13:00:00,i10Central,0.638,0,0,0
2026-01-09 13:00:00,i10East,0.538,0,0,0
2026-01-09 13:00:00,mesa,0.339,0,0,0
2026-01-09 13:00:00,sunland,0.272,0,0,0
2026-01-09 13:00:00,us54,0.534,1,0,0
2026-01-09 13:00:00,paisano,0.345,0,0,0
2026-01-09 13:00:00,loop375,0.38,0,0,0
2026-01-09 14:00:00,i10West,0.631,0,0,0
2026-01-09 14:00:00,i10Central,0.779,0,0,0
2026-01-09 14:00:00,i10East,0.615,0,0,0
2026-01-09 14:00:00,mesa,0.406,0,0,0
2026-01-09 14:00:00,sunland,0.383,0,0,0
2026-01-09 14:00:00,us54,0.482,0,0,0
2026-01-09 14:00:00,paisano,0.461,0,0,0
2026-01-09 14:00:00,loop375,0.475,0,0,0
2026-01-09 15:00:00,i10West,0.746,0,0,0
2026-01-09 15:00:00,i10Central,0.966,0,0,0
2026-01-09 15:00:00,i10East,0.815,0,0,0
2026-01-09 15:00:00,mesa,0.494,0,0,0
2026-01-09 15:00:00,sunland,0.459,0,0,0
2026-01-09 15:00:00,us54,0.584,0,0,0
2026-01-09 15:00:00,paisano,0.527,0,0,0
2026-01-09 15:00:00,loop375,0.538,0,0,0
2026-01-09 16:00:00,i10West,0.892,0,0,0
2026-01-09 16:00:00,i10Central,0.98,0,0,0
2026-01-09 16:00:00,i10East,0.938,0,0,0
2026-01-09 16:00:00,mesa,0.641,0,0,0
2026-01-09 16:00:00,sunland,0.558,0,0,0
2026-01-09 16:00:00,us54,0.702,0,0,0
2026-01-09 16:00:00,paisano,0.649,0,0,0
2026-01-09 16:00:00,loop375,0.738,1,0,0
2026-01-09 17:00:00,i10West,0.98,1,0,0
2026-01-09 17:00:00,i10Central,0.98,0,0,0
2026-01-09 17:00:00,i10East,0.98,0,0,0
2026-01-09 17:00:00,mesa,0.712,0,0,0
2026-01-09 17:00:00,sunland,0.66,0,0,0
2026-01-09 17:00:00,us54,0.721,0,0,0
2026-01-09 17:00:00,paisano,0.652,0,0,0
2026-01-09 17:00:00,loop375,0.732,0,0,0
2026-01-09 18:00:00,i10West,0.948,0,0,0
2026-01-09 18:00:00,i10Central,0.98,0,0,0
2026-01-09 18:00:00,i10East,0.946,0,0,0
2026-01-09 18:00:00,mesa,0.628,0,0,0
2026-01-09 18:00:00,sunland,0.634,0,0,0
2026-01-09 18:00:00,us54,0.702,0,0,0
2026-01-09 18:00:00,paisano,0.632,0,0,0
2026-01-09 18:00:00,loop375,0.667,0,0,0
2026-01-09 19:00:00,i10West,0.946,1,0,0
2026-01-09 19:00:00,i10Central,0.971,0,0,0
2026-01-09 19:00:00,i10East,0.797,0,0,0
2026-01-09 19:00:00,mesa,0.527,0,0,0
2026-01-09 19:00:00,sunland,0.533,0,0,0
2026-01-09 19:00:00,us54,0.627,0,0,0
2026-01-09 19:00:00,paisano,0.514,0,0,0
2026-01-09 19:00:00,loop375,0.563,0,0,0
2026-01-09 20:00:00,i10West,0.77,0,1,0
2026-01-09 20:00:00,i10Central,0.879,0,1,0
2026-01-09 20:00:00,i10East,0.73,0,1,0
2026-01-09 20:00:00,mesa,0.497,0,1,0
2026-01-09 20:00:00,sunland,0.464,0,1,0
2026-01-09 20:00:00,us54,0.567,0,1,0
2026-01-09 20:00:00,paisano,0.476,0,1,0
2026-01-09 20:00:00,loop375,0.515,0,1,0
2026-01-09 21:00:00,i10West,0.524,0,0,0
2026-01-09 21:00:00,i10Central,0.609,0,0,0
2026-01-09 21:00:00,i10East,0.508,0,0,0
2026-01-09 21:00:00,mesa,0.308,0,0,0
2026-01-09 21:00:00,sunland,0.304,0,0,0
2026-01-09 21:00:00,us54,0.431,0,0,0
2026-01-09 21:00:00,paisano,0.347,0,0,0
2026-01-09 21:00:00,loop375,0.376,0,0,0
2026-01-09 22:00:00,i10West,0.41,0,0,0
2026-01-09 22:00:00,i10Central,0.534,0,0,0
2026-01-09 22:00:00,i10East,0.527,1,0,0
2026-01-09 22:00:00,mesa,0.286,0,0,0
2026-01-09 22:00:00,sunland,0.233,0,0,0
2026-01-09 22:00:00,us54,0.374,0,0,0
2026-01-09 22:00:00,paisano,0.311,0,0,0
2026-01-09 22:00:00,loop375,0.323,0,0,0
2026-01-09 23:00:00,i10West,0.411,0,0,0
2026-01-09 23:00:00,i10Central,0.522,0,0,0
2026-01-09 23:00:00,i10East,0.444,0,0,0
2026-01-09 23:00:00,mesa,0.279,0,0,0
2026-01-09 23:00:00,sunland,0.183,0,0,0
2026-01-09 23:00:00,us54,0.357,0,0,0
2026-01-09 23:00:00,paisano,0.238,0,0,0
2026-01-09 23:00:00,loop375,0.286,0,0,0
2026-01-10 00:00:00,i10West,0.497,1,0,0
2026-01-10 00:00:00,i10Central,0.52,0,0,0
2026-01-10 00:00:00,i10East,0.419,0,0,0
2026-01-10 00:00:00,mesa,0.232,0,0,0
2026-01-10 00:00:00,sunland,0.233,0,0,0
2026-01-10 00:00:00,us54,0.308,0,0,0
2026-01-10 00:00:00,paisano,0.28,0,0,0
2026-01-10 00:00:00,loop375,0.307,0,0,0
2026-01-10 01:00:00,i10West,0.425,0,0,0
2026-01-10 01:00:00,i10Central,0.494,0,0,0
2026-01-10 01:00:00,i10East,0.37,0,0,0
2026-01-10 01:00:00,mesa,0.364,1,0,0
2026-01-10 01:00:00,sunland,0.193,0,0,0
2026-01-10 01:00:00,us54,0.408,1,0,0
2026-01-10 01:00:00,paisano,0.261,0,0,0
2026-01-10 01:00:00,loop375,0.283,0,0,0
2026-01-10 02:00:00,i10West,0.473,0,1,0
2026-01-10 02:00:00,i10Central,0.6,0,1,0
2026-01-10 02:00:00,i10East,0.506,0,1,0
2026-01-10 02:00:00,mesa,0.304,0,1,0
2026-01-10 02:00:00,sunland,0.283,0,1,0
2026-01-10 02:00:00,us54,0.395,0,1,0
2026-01-10 02:00:00,paisano,0.329,0,1,0
2026-01-10 02:00:00,loop375,0.372,0,1,0
2026-01-10 03:00:00,i10West,0.418,0,0,0
2026-01-10 03:00:00,i10Central,0.475,0,0,0
2026-01-10 03:00:00,i10East,0.387,0,0,0
2026-01-10 03:00:00,mesa,0.264,0,0,0
2026-01-10 03:00:00,sunland,0.189,0,0,0
2026-01-10 03:00:00,us54,0.346,0,0,0
2026-01-10 03:00:00,paisano,0.262,0,0,0
2026-01-10 03:00:00,loop375,0.311,0,0,0
2026-01-10 04:00:00,i10West,0.401,0,0,0
2026-01-10 04:00:00,i10Central,0.5,0,0,0
2026-01-10 04:00:00,i10East,0.409,0,0,0
2026-01-10 04:00:00,mesa,0.231,0,0,0
2026-01-10 04:00:00,sunland,0.233,0,0,0
2026-01-10 04:00:00,us54,0.348,0,0,0
2026-01-10 04:00:00,paisano,0.244,0,0,0
2026-01-10 04:00:00,loop375,0.317,0,0,0
2026-01-10 05:00:00,i10West,0.451,0,0,0
2026-01-10 05:00:00,i10Central,0.614,0,0,0
2026-01-10 05:00:00,i10East,0.505,0,0,0
2026-01-10 05:00:00,mesa,0.277,0,0,0
2026-01-10 05:00:00,sunland,0.278,0,0,0
2026-01-10 05:00:00,us54,0.356,0,0,0
2026-01-10 05:00:00,paisano,0.453,1,0,0
2026-01-10 05:00:00,loop375,0.354,0,0,0
2026-01-10 06:00:00,i10West,0.542,0,0,0
2026-01-10 06:00:00,i10Central,0.74,0,0,0
2026-01-10 06:00:00,i10East,0.618,0,0,0
2026-01-10 06:00:00,mesa,0.375,0,0,0
2026-01-10 06:00:00,sunland,0.334,0,0,0
2026-01-10 06:00:00,us54,0.449,0,0,0
2026-01-10 06:00:00,paisano,0.377,0,0,0
2026-01-10 06:00:00,loop375,0.393,0,0,0
2026-01-10 07:00:00,i10West,0.707,0,0,0
2026-01-10 07:00:00,i10Central,0.885,0,0,0
2026-01-10 07:00:00,i10East,0.709,0,0,0
2026-01-10 07:00:00,mesa,0.488,0,0,0
2026-01-10 07:00:00,sunland,0.44,0,0,0
2026-01-10 07:00:00,us54,0.518,0,0,0
2026-01-10 07:00:00,paisano,0.494,0,0,0
2026-01-10 07:00:00,loop375,0.513,0,0,0
2026-01-10 08:00:00,i10West,0.747,0,0,0
2026-01-10 08:00:00,i10Central,0.961,0,0,0
2026-01-10 08:00:00,i10East,0.794,0,0,0
2026-01-10 08:00:00,mesa,0.498,0,0,0
2026-01-10 08:00:00,sunland,0.479,0,0,0
2026-01-10 08:00:00,us54,0.577,0,0,0
2026-01-10 08:00:00,paisano,0.625,1,0,0
2026-01-10 08:00:00,loop375,0.551,0,0,0
2026-01-10 09:00:00,i10West,0.709,0,0,0
2026-01-10 09:00:00,i10Central,0.876,0,0,0
2026-01-10 09:00:00,i10East,0.738,0,0,0
2026-01-10 09:00:00,mesa,0.488,0,0,0
2026-01-10 09:00:00,sunland,0.484,0,0,0
2026-01-10 09:00:00,us54,0.539,0,0,0
2026-01-10 09:00:00,paisano,0.464,0,0,0
2026-01-10 09:00:00,loop375,0.482,0,0,0
2026-01-10 10:00:00,i10West,0.612,0,0,0
2026-01-10 10:00:00,i10Central,0.772,0,0,0
2026-01-10 10:00:00,i10East,0.593,0,0,0
2026-01-10 10:00:00,mesa,0.372,0,0,0
2026-01-10 10:00:00,sunland,0.386,0,0,0
2026-01-10 10:00:00,us54,0.443,0,0,0
2026-01-10 10:00:00,paisano,0.511,1,0,0
2026-01-10 10:00:00,loop375,0.436,0,0,0
2026-01-10 11:00:00,i10West,0.555,0,0,0
2026-01-10 11:00:00,i10Central,0.604,0,0,0
2026-01-10 11:00:00,i10East,0.525,0,0,0
2026-01-10 11:00:00,mesa,0.455,1,0,0
2026-01-10 11:00:00,sunland,0.294,0,0,0
2026-01-10 11:00:00,us54,0.398,0,0,0
2026-01-10 11:00:00,paisano,0.382,0,0,0
2026-01-10 11:00:00,loop375,0.35,0,0,0
2026-01-10 12:00:00,i10West,0.443,0,0,0
2026-01-10 12:00:00,i10Central,0.59,0,0,0
2026-01-10 12:00:00,i10East,0.474,0,0,0
2026-01-10 12:00:00,mesa,0.273,0,0,0
2026-01-10 12:00:00,sunland,0.289,0,0,0
2026-01-10 12:00:00,us54,0.376,0,0,0
2026-01-10 12:00:00,paisano,0.308,0,0,0
2026-01-10 12:00:00,loop375,0.34,0,0,0
2026-01-10 13:00:00,i10West,0.469,0,0,0
2026-01-10 13:00:00,i10Central,0.573,0,0,0
2026-01-10 13:00:00,i10East,0.515,0,0,0
2026-01-10 13:00:00,mesa,0.292,0,0,0
2026-01-10 13:00:00,sunland,0.274,0,0,0
2026-01-10 13:00:00,us54,0.388,0,0,0
2026-01-10 13:00:00,paisano,0.325,0,0,0
2026-01-10 13:00:00,loop375,0.353,0,0,0
2026-01-10 14:00:00,i10West,0.543,0,0,0
2026-01-10 14:00:00,i10Central,0.676,0,0,0
2026-01-10 14:00:00,i10East,0.556,0,0,0
2026-01-10 14:00:00,mesa,0.384,0,0,0
2026-01-10 14:00:00,sunland,0.358,0,0,0
2026-01-10 14:00:00,us54,0.446,0,0,0
2026-01-10 14:00:00,paisano,0.392,0,0,0
2026-01-10 14:00:00,loop375,0.413,0,0,0
2026-01-10 15:00:00,i10West,0.692,0,0,0
2026-01-10 15:00:00,i10Central,0.841,0,0,0
2026-01-10 15:00:00,i10East,0.699,0,0,0
2026-01-10 15:00:00,mesa,0.46,0,0,0
2026-01-10 15:00:00,sunland,0.416,0,0,0
2026-01-10 15:00:00,us54,0.509,0,0,0
2026-01-10 15:00:00,paisano,0.466,0,0,0
2026-01-10 15:00:00,loop375,0.481,0,0,0
2026-01-10 16:00:00,i10West,0.79,0,0,0
2026-01-10 16:00:00,i10Central,0.98,0,0,0
2026-01-10 16:00:00,i10East,0.784,0,0,0
2026-01-10 16:00:00,mesa,0.524,0,0,0
2026-01-10 16:00:00,sunland,0.649,1,0,0
2026-01-10 16:00:00,us54,0.635,0,0,0
2026-01-10 16:00:00,paisano,0.558,0,0,0
2026-01-10 16:00:00,loop375,0.561,0,0,0
2026-01-10 17:00:00,i10West,0.825,0,0,0
2026-01-10 17:00:00,i10Central,0.98,0,0,0
2026-01-10 17:00:00,i10East,0.869,0,0,0
2026-01-10 17:00:00,mesa,0.581,0,0,0
2026-01-10 17:00:00,sunland,0.594,0,0,0
2026-01-10 17:00:00,us54,0.641,0,0,0
2026-01-10 17:00:00,paisano,0.59,0,0,0
2026-01-10 17:00:00,loop375,0.564,0,0,0
2026-01-10 18:00:00,i10West,0.785,0,0,0
2026-01-10 18:00:00,i10Central,0.974,0,0,0
2026-01-10 18:00:00,i10East,0.795,0,0,0
2026-01-10 18:00:00,mesa,0.576,0,0,0
2026-01-10 18:00:00,sunland,0.523,0,0,0
2026-01-10 18:00:00,us54,0.63,0,0,0
2026-01-10 18:00:00,paisano,0.532,0,0,0
2026-01-10 18:00:00,loop375,0.58,0,0,0
2026-01-10 19:00:00,i10West,0.713,0,0,0
2026-01-10 19:00:00,i10Central,0.821,0,0,0
2026-01-10 19:00:00,i10East,0.685,0,0,0
2026-01-10 19:00:00,mesa,0.491,0,0,0
2026-01-10 19:00:00,sunland,0.452,0,0,0
2026-01-10 19:00:00,us54,0.533,0,0,0
2026-01-10 19:00:00,paisano,0.473,0,0,0
2026-01-10 19:00:00,loop375,0.464,0,0,0
2026-01-10 20:00:00,i10West,0.61,0,0,0
2026-01-10 20:00:00,i10Central,0.692,0,0,0
2026-01-10 20:00:00,i10East,0.553,0,0,0
2026-01-10 20:00:00,mesa,0.418,0,0,0
2026-01-10 20:00:00,sunland,0.317,0,0,0
2026-01-10 20:00:00,us54,0.469,0,0,0
2026-01-10 20:00:00,paisano,0.404,0,0,0
2026-01-10 20:00:00,loop375,0.433,0,0,0
2026-01-10 21:00:00,i10West,0.474,0,0,0
2026-01-10 21:00:00,i10Central,0.609,0,0,0
2026-01-10 21:00:00,i10East,0.491,0,0,0
2026-01-10 21:00:00,mesa,0.29,0,0,0
2026-01-10 21:00:00,sunland,0.273,0,0,0
2026-01-10 21:00:00,us54,0.525,1,0,0
2026-01-10 21:00:00,paisano,0.31,0,0,0
2026-01-10 21:00:00,loop375,0.343,0,0,0
2026-01-10 22:00:00,i10West,0.434,0,0,0
2026-01-10 22:00:00,i10Central,0.513,0,0,0
2026-01-10 22:00:00,i10East,0.426,0,0,0
2026-01-10 22:00:00,mesa,0.243,0,0,0
2026-01-10 22:00:00,sunland,0.243,0,0,0
2026-01-10 22:00:00,us54,0.379,0,0,0
2026-01-10 22:00:00,paisano,0.294,0,0,0
2026-01-10 22:00:00,loop375,0.332,0,0,0
2026-01-10 23:00:00,i10West,0.398,0,0,0
2026-01-10 23:00:00,i10Central,0.499,0,0,0
2026-01-10 23:00:00,i10East,0.429,0,0,0
2026-01-10 23:00:00,mesa,0.211,0,0,0
2026-01-10 23:00:00,sunland,0.177,0,0,0
2026-01-10 23:00:00,us54,0.302,0,0,0
2026-01-10 23:00:00,paisano,0.267,0,0,0
2026-01-10 23:00:00,loop375,0.286,0,0,0
2026-01-11 00:00:00,i10West,0.39,0,0,0
2026-01-11 00:00:00,i10Central,0.458,0,0,0
2026-01-11 00:00:00,i10East,0.37,0,0,0
2026-01-11 00:00:00,mesa,0.233,0,0,0
2026-01-11 00:00:00,sunland,0.286,1,0,0
2026-01-11 00:00:00,us54,0.29,0,0,0
2026-01-11 00:00:00,paisano,0.282,0,0,0
2026-01-11 00:00:00,loop375,0.306,0,0,0
2026-01-11 01:00:00,i10West,0.412,0,0,0
2026-01-11 01:00:00,i10Central,0.494,0,0,0
2026-01-11 01:00:00,i10East,0.544,1,0,0
2026-01-11 01:00:00,mesa,0.262,0,0,0
2026-01-11 01:00:00,sunland,0.213,0,0,0
2026-01-11 01:00:00,us54,0.276,0,0,0
2026-01-11 01:00:00,paisano,0.288,0,0,0
2026-01-11 01:00:00,loop375,0.388,1,0,0
2026-01-11 02:00:00,i10West,0.369,0,0,0
2026-01-11 02:00:00,i10Central,0.499,0,0,0
2026-01-11 02:00:00,i10East,0.397,0,0,0
2026-01-11 02:00:00,mesa,0.231,0,0,0
2026-01-11 02:00:00,sunland,0.174,0,0,0
2026-01-11 02:00:00,us54,0.285,0,0,0
2026-01-11 02:00:00,paisano,0.242,0,0,0
2026-01-11 02:00:00,loop375,0.313,0,0,0
2026-01-11 03:00:00,i10West,0.356,0,0,0
2026-01-11 03:00:00,i10Central,0.484,0,0,0
2026-01-11 03:00:00,i10East,0.429,0,0,0
2026-01-11 03:00:00,mesa,0.216,0,0,0
2026-01-11 03:00:00,sunland,0.239,0,0,0
2026-01-11 03:00:00,us54,0.329,0,0,0
2026-01-11 03:00:00,paisano,0.259,0,0,0
2026-01-11 03:00:00,loop375,0.319,0,0,0
2026-01-11 04:00:00,i10West,0.399,0,0,0
2026-01-11 04:00:00,i10Central,0.549,0,0,0
2026-01-11 04:00:00,i10East,0.428,0,0,0
2026-01-11 04:00:00,mesa,0.278,0,0,0
2026-01-11 04:00:00,sunland,0.263,0,0,0
2026-01-11 04:00:00,us54,0.325,0,0,0
2026-01-11 04:00:00,paisano,0.294,0,0,0
2026-01-11 04:00:00,loop375,0.268,0,0,0
2026-01-11 05:00:00,i10West,0.481,0,0,0
2026-01-11 05:00:00,i10Central,0.616,0,0,0
2026-01-11 05:00:00,i10East,0.499,0,0,0
2026-01-11 05:00:00,mesa,0.343,0,0,0
2026-01-11 05:00:00,sunland,0.276,0,0,0
2026-01-11 05:00:00,us54,0.381,0,0,0
2026-01-11 05:00:00,paisano,0.327,0,0,0
2026-01-11 05:00:00,loop375,0.304,0,0,0
2026-01-11 06:00:00,i10West,0.554,0,0,0
2026-01-11 06:00:00,i10Central,0.69,0,0,0
2026-01-11 06:00:00,i10East,0.572,0,0,0
2026-01-11 06:00:00,mesa,0.372,0,0,0
2026-01-11 06:00:00,sunland,0.374,0,0,0
2026-01-11 06:00:00,us54,0.449,0,0,0
2026-01-11 06:00:00,paisano,0.401,0,0,0
2026-01-11 06:00:00,loop375,0.389,0,0,0
2026-01-11 07:00:00,i10West,0.707,0,0,0
2026-01-11 07:00:00,i10Central,0.83,0,0,0
2026-01-11 07:00:00,i10East,0.694,0,0,0
2026-01-11 07:00:00,mesa,0.583,1,0,0
2026-01-11 07:00:00,sunland,0.423,0,0,0
2026-01-11 07:00:00,us54,0.497,0,0,0
2026-01-11 07:00:00,paisano,0.46,0,0,0
2026-01-11 07:00:00,loop375,0.486,0,0,0
2026-01-11 08:00:00,i10West,0.741,0,0,0
2026-01-11 08:00:00,i10Central,0.944,0,0,0
2026-01-11 08:00:00,i10East,0.812,0,0,0
2026-01-11 08:00:00,mesa,0.539,0,0,0
2026-01-11 08:00:00,sunland,0.474,0,0,0
2026-01-11 08:00:00,us54,0.549,0,0,0
2026-01-11 08:00:00,paisano,0.488,0,0,0
2026-01-11 08:00:00,loop375,0.636,1,0,0
2026-01-11 09:00:00,i10West,0.717,0,0,0
2026-01-11 09:00:00,i10Central,0.838,0,0,0
2026-01-11 09:00:00,i10East,0.703,0,0,0
2026-01-11 09:00:00,mesa,0.492,0,0,0
2026-01-11 09:00:00,sunland,0.428,0,0,0
2026-01-11 09:00:00,us54,0.524,0,0,0
2026-01-11 09:00:00,paisano,0.451,0,0,0
2026-01-11 09:00:00,loop375,0.494,0,0,0
2026-01-11 10:00:00,i10West,0.609,0,0,0
2026-01-11 10:00:00,i10Central,0.712,0,0,0
2026-01-11 10:00:00,i10East,0.574,0,0,0
2026-01-11 10:00:00,mesa,0.4,0,0,0
2026-01-11 10:00:00,sunland,0.335,0,0,0
2026-01-11 10:00:00,us54,0.446,0,0,0
2026-01-11 10:00:00,paisano,0.388,0,0,0
2026-01-11 10:00:00,loop375,0.434,0,0,0
2026-01-11 11:00:00,i10West,0.615,1,0,0
2026-01-11 11:00:00,i10Central,0.663,0,0,0
2026-01-11 11:00:00,i10East,0.533,0,0,0
2026-01-11 11:00:00,mesa,0.353,0,0,0
2026-01-11 11:00:00,sunland,0.273,0,0,0
2026-01-11 11:00:00,us54,0.408,0,0,0
2026-01-11 11:00:00,paisano,0.365,0,0,0
2026-01-11 11:00:00,loop375,0.349,0,0,0
2026-01-11 12:00:00,i10West,0.505,0,0,0
2026-01-11 12:00:00,i10Central,0.633,0,0,0
2026-01-11 12:00:00,i10East,0.464,0,0,0
2026-01-11 12:00:00,mesa,0.264,0,0,0
2026-01-11 12:00:00,sunland,0.359,1,0,0
2026-01-11 12:00:00,us54,0.53,1,0,0
2026-01-11 12:00:00,paisano,0.303,0,0,0
2026-01-11 12:00:00,loop375,0.32,0,0,0
2026-01-11 13:00:00,i10West,0.472,0,0,0
2026-01-11 13:00:00,i10Central,0.577,0,0,0
2026-01-11 13:00:00,i10East,0.494,0,0,0
2026-01-11 13:00:00,mesa,0.299,0,0,0
2026-01-11 13:00:00,sunland,0.284,0,0,0
2026-01-11 13:00:00,us54,0.395,0,0,0
2026-01-11 13:00:00,paisano,0.332,0,0,0
2026-01-11 13:00:00,loop375,0.373,0,0,0
2026-01-11 14:00:00,i10West,0.567,0,0,0
2026-01-11 14:00:00,i10Central,0.707,0,0,0
2026-01-11 14:00:00,i10East,0.564,0,0,0
2026-01-11 14:00:00,mesa,0.365,0,0,0
2026-01-11 14:00:00,sunland,0.343,0,0,0
2026-01-11 14:00:00,us54,0.459,0,0,0
2026-01-11 14:00:00,paisano,0.431,0,0,0
2026-01-11 14:00:00,loop375,0.408,0,0,0
2026-01-11 15:00:00,i10West,0.665,0,0,0
2026-01-11 15:00:00,i10Central,0.851,0,0,0
2026-01-11 15:00:00,i10East,0.708,0,0,0
2026-01-11 15:00:00,mesa,0.475,0,0,0
2026-01-11 15:00:00,sunland,0.441,0,0,0
2026-01-11 15:00:00,us54,0.528,0,0,0
2026-01-11 15:00:00,paisano,0.482,0,0,0
2026-01-11 15:00:00,loop375,0.498,0,0,0
2026-01-11 16:00:00,i10West,0.814,0,0,0
2026-01-11 16:00:00,i10Central,0.98,0,0,0
2026-01-11 16:00:00,i10East,0.805,0,0,0
2026-01-11 16:00:00,mesa,0.513,0,0,0
2026-01-11 16:00:00,sunland,0.544,0,0,0
2026-01-11 16:00:00,us54,0.603,0,0,0
2026-01-11 16:00:00,paisano,0.543,0,0,0
2026-01-11 16:00:00,loop375,0.564,0,0,0
2026-01-11 17:00:00,i10West,0.868,0,0,0
2026-01-11 17:00:00,i10Central,0.98,0,0,0
2026-01-11 17:00:00,i10East,0.838,0,0,0
2026-01-11 17:00:00,mesa,0.571,0,0,0
2026-01-11 17:00:00,sunland,0.582,0,0,0
2026-01-11 17:00:00,us54,0.757,1,0,0
2026-01-11 17:00:00,paisano,0.588,0,0,0
2026-01-11 17:00:00,loop375,0.566,0,0,0
2026-01-11 18:00:00,i10West,0.844,0,0,0
2026-01-11 18:00:00,i10Central,0.98,0,0,0
2026-01-11 18:00:00,i10East,0.776,0,0,0
2026-01-11 18:00:00,mesa,0.525,0,0,0
2026-01-11 18:00:00,sunland,0.562,0,0,0
2026-01-11 18:00:00,us54,0.63,0,0,0
2026-01-11 18:00:00,paisano,0.543,0,0,0
2026-01-11 18:00:00,loop375,0.584,0,0,0
2026-01-11 19:00:00,i10West,0.706,0,0,0
2026-01-11 19:00:00,i10Central,0.868,0,0,0
2026-01-11 19:00:00,i10East,0.704,0,0,0
2026-01-11 19:00:00,mesa,0.475,0,0,0
2026-01-11 19:00:00,sunland,0.449,0,0,0
2026-01-11 19:00:00,us54,0.54,0,0,0
2026-01-11 19:00:00,paisano,0.481,0,0,0
2026-01-11 19:00:00,loop375,0.495,0,0,0
2026-01-11 20:00:00,i10West,0.553,0,0,0
2026-01-11 20:00:00,i10Central,0.719,0,0,0
2026-01-11 20:00:00,i10East,0.564,0,0,0
2026-01-11 20:00:00,mesa,0.372,0,0,0
2026-01-11 20:00:00,sunland,0.317,0,0,0
2026-01-11 20:00:00,us54,0.42,0,0,0
2026-01-11 20:00:00,paisano,0.386,0,0,0
2026-01-11 20:00:00,loop375,0.447,0,0,0
2026-01-11 21:00:00,i10West,0.486,0,0,0
2026-01-11 21:00:00,i10Central,0.581,0,0,0
2026-01-11 21:00:00,i10East,0.492,0,0,0
2026-01-11 21:00:00,mesa,0.304,0,0,0
2026-01-11 21:00:00,sunland,0.251,0,0,0
2026-01-11 21:00:00,us54,0.377,0,0,0
2026-01-11 21:00:00,paisano,0.323,0,0,0
2026-01-11 21:00:00,loop375,0.467,1,0,0
2026-01-11 22:00:00,i10West,0.449,0,0,0
2026-01-11 22:00:00,i10Central,0.521,0,0,0
2026-01-11 22:00:00,i10East,0.409,0,0,0
2026-01-11 22:00:00,mesa,0.237,0,0,0
2026-01-11 22:00:00,sunland,0.253,0,0,0
2026-01-11 22:00:00,us54,0.35,0,0,0
2026-01-11 22:00:00,paisano,0.297,0,0,0
2026-01-11 22:00:00,loop375,0.296,0,0,0
2026-01-11 23:00:00,i10West,0.43,0,0,0
2026-01-11 23:00:00,i10Central,0.497,0,0,0
2026-01-11 23:00:00,i10East,0.375,0,0,0
2026-01-11 23:00:00,mesa,0.365,1,0,0
2026-01-11 23:00:00,sunland,0.245,0,0,0
2026-01-11 23:00:00,us54,0.304,0,0,0
2026-01-11 23:00:00,paisano,0.26,0,0,0
2026-01-11 23:00:00,loop375,0.265,0,0,0
2026-01-12 00:00:00,i10West,0.397,0,0,0
2026-01-12 00:00:00,i10Central,0.506,0,0,0
2026-01-12 00:00:00,i10East,0.371,0,0,0
2026-01-12 00:00:00,mesa,0.225,0,0,0
2026-01-12 00:00:00,sunland,0.211,0,0,0
2026-01-12 00:00:00,us54,0.303,0,0,0
2026-01-12 00:00:00,paisano,0.27,0,0,0
2026-01-12 00:00:00,loop375,0.256,0,0,0
2026-01-12 01:00:00,i10West,0.401,0,0,0
2026-01-12 01:00:00,i10Central,0.486,0,0,0
2026-01-12 01:00:00,i10East,0.402,0,0,0
2026-01-12 01:00:00,mesa,0.259,0,0,0
2026-01-12 01:00:00,sunland,0.18,0,0,0
2026-01-12 01:00:00,us54,0.298,0,0,0
2026-01-12 01:00:00,paisano,0.254,0,0,0
2026-01-12 01:00:00,loop375,0.259,0,0,0
2026-01-12 02:00:00,i10West,0.401,0,0,0
2026-01-12 02:00:00,i10Central,0.503,0,0,0
2026-01-12 02:00:00,i10East,0.391,0,0,0
2026-01-12 02:00:00,mesa,0.246,0,0,0
2026-01-12 02:00:00,sunland,0.206,0,0,0
2026-01-12 02:00:00,us54,0.3,0,0,0
2026-01-12 02:00:00,paisano,0.281,0,0,0
2026-01-12 02:00:00,loop375,0.285,0,0,0
2026-01-12 03:00:00,i10West,0.511,1,0,0
2026-01-12 03:00:00,i10Central,0.513,0,0,0
2026-01-12 03:00:00,i10East,0.402,0,0,0
2026-01-12 03:00:00,mesa,0.215,0,0,0
2026-01-12 03:00:00,sunland,0.185,0,0,0
2026-01-12 03:00:00,us54,0.29,0,0,0
2026-01-12 03:00:00,paisano,0.251,0,0,0
2026-01-12 03:00:00,loop375,0.263,0,0,0
2026-01-12 04:00:00,i10West,0.455,0,0,0
2026-01-12 04:00:00,i10Central,0.545,0,0,0
2026-01-12 04:00:00,i10East,0.441,0,0,0
2026-01-12 04:00:00,mesa,0.257,0,0,0
2026-01-12 04:00:00,sunland,0.211,0,0,0
2026-01-12 04:00:00,us54,0.344,0,0,0
2026-01-12 04:00:00,paisano,0.294,0,0,0
2026-01-12 04:00:00,loop375,0.312,0,0,0
2026-01-12 05:00:00,i10West,0.476,0,0,0
2026-01-12 05:00:00,i10Central,0.635,0,0,0
2026-01-12 05:00:00,i10East,0.54,0,0,0
2026-01-12 05:00:00,mesa,0.316,0,0,0
2026-01-12 05:00:00,sunland,0.291,0,0,0
2026-01-12 05:00:00,us54,0.358,0,0,0
2026-01-12 05:00:00,paisano,0.324,0,0,0
2026-01-12 05:00:00,loop375,0.322,0,0,0
2026-01-12 06:00:00,i10West,0.615,0,0,0
2026-01-12 06:00:00,i10Central,0.767,0,0,0
2026-01-12 06:00:00,i10East,0.666,0,0,0
2026-01-12 06:00:00,mesa,0.433,0,0,0
2026-01-12 06:00:00,sunland,0.414,0,0,0
2026-01-12 06:00:00,us54,0.472,0,0,0
2026-01-12 06:00:00,paisano,0.448,0,0,0
2026-01-12 06:00:00,loop375,0.443,0,0,0
2026-01-12 07:00:00,i10West,0.814,0,0,0
2026-01-12 07:00:00,i10Central,0.98,0,0,0
2026-01-12 07:00:00,i10East,0.793,0,0,0
2026-01-12 07:00:00,mesa,0.533,0,0,0
2026-01-12 07:00:00,sunland,0.52,0,0,0
2026-01-12 07:00:00,us54,0.562,0,0,0
2026-01-12 07:00:00,paisano,0.53,0,0,0
2026-01-12 07:00:00,loop375,0.569,0,0,0
2026-01-12 08:00:00,i10West,0.91,0,0,0
2026-01-12 08:00:00,i10Central,0.98,0,0,0
2026-01-12 08:00:00,i10East,0.98,1,0,0
2026-01-12 08:00:00,mesa,0.621,0,0,0
2026-01-12 08:00:00,sunland,0.593,0,0,0
2026-01-12 08:00:00,us54,0.629,0,0,0
2026-01-12 08:00:00,paisano,0.608,0,0,0
2026-01-12 08:00:00,loop375,0.575,0,0,0
2026-01-12 09:00:00,i10West,0.835,0,0,0
2026-01-12 09:00:00,i10Central,0.98,0,0,0
2026-01-12 09:00:00,i10East,0.82,0,0,0
2026-01-12 09:00:00,mesa,0.583,0,0,0
2026-01-12 09:00:00,sunland,0.545,0,0,0
2026-01-12 09:00:00,us54,0.59,0,0,0
2026-01-12 09:00:00,paisano,0.587,0,0,0
2026-01-12 09:00:00,loop375,0.563,0,0,0
2026-01-12 10:00:00,i10West,0.699,0,0,0
2026-01-12 10:00:00,i10Central,0.836,0,0,0
2026-01-12 10:00:00,i10East,0.651,0,0,0
2026-01-12 10:00:00,mesa,0.47,0,0,0
2026-01-12 10:00:00,sunland,0.399,0,0,0
2026-01-12 10:00:00,us54,0.532,0,0,0
2026-01-12 10:00:00,paisano,0.466,0,0,0
2026-01-12 10:00:00,loop375,0.463,0,0,0
2026-01-12 11:00:00,i10West,0.54,0,0,0
2026-01-12 11:00:00,i10Central,0.664,0,0,0
2026-01-12 11:00:00,i10East,0.548,0,0,0
2026-01-12 11:00:00,mesa,0.329,0,0,0
2026-01-12 11:00:00,sunland,0.292,0,0,0
2026-01-12 11:00:00,us54,0.518,1,0,0
2026-01-12 11:00:00,paisano,0.362,0,0,0
2026-01-12 11:00:00,loop375,0.369,0,0,0
2026-01-12 12:00:00,i10West,0.505,0,0,0
2026-01-12 12:00:00,i10Central,0.629,0,0,0
2026-01-12 12:00:00,i10East,0.535,0,0,0
2026-01-12 12:00:00,mesa,0.284,0,0,0
2026-01-12 12:00:00,sunland,0.292,0,0,0
2026-01-12 12:00:00,us54,0.437,0,0,0
2026-01-12 12:00:00,paisano,0.35,0,0,0
2026-01-12 12:00:00,loop375,0.439,1,0,0
2026-01-12 13:00:00,i10West,0.525,0,0,0
2026-01-12 13:00:00,i10Central,0.662,0,0,0
2026-01-12 13:00:00,i10East,0.543,0,0,0
2026-01-12 13:00:00,mesa,0.346,0,0,0
2026-01-12 13:00:00,sunland,0.265,0,0,0
2026-01-12 13:00:00,us54,0.449,0,0,0
2026-01-12 13:00:00,paisano,0.347,0,0,0
2026-01-12 13:00:00,loop375,0.396,0,0,0
2026-01-12 14:00:00,i10West,0.632,0,0,0
2026-01-12 14:00:00,i10Central,0.751,0,0,0
2026-01-12 14:00:00,i10East,0.632,0,0,0
2026-01-12 14:00:00,mesa,0.407,0,0,0
2026-01-12 14:00:00,sunland,0.348,0,0,0
2026-01-12 14:00:00,us54,0.49,0,0,0
2026-01-12 14:00:00,paisano,0.433,0,0,0
2026-01-12 14:00:00,loop375,0.458,0,0,0
2026-01-12 15:00:00,i10West,0.79,0,0,0
2026-01-12 15:00:00,i10Central,0.98,0,0,0
2026-01-12 15:00:00,i10East,0.801,0,0,0
2026-01-12 15:00:00,mesa,0.547,0,0,0
2026-01-12 15:00:00,sunland,0.471,0,0,0
2026-01-12 15:00:00,us54,0.629,0,0,0
2026-01-12 15:00:00,paisano,0.53,0,0,0
2026-01-12 15:00:00,loop375,0.518,0,0,0
2026-01-12 16:00:00,i10West,0.92,0,0,0
2026-01-12 16:00:00,i10Central,0.98,0,0,0
2026-01-12 16:00:00,i10East,0.908,0,0,0
2026-01-12 16:00:00,mesa,0.643,0,0,0
2026-01-12 16:00:00,sunland,0.584,0,0,0
2026-01-12 16:00:00,us54,0.665,0,0,0
2026-01-12 16:00:00,paisano,0.638,0,0,0
2026-01-12 16:00:00,loop375,0.627,0,0,0
2026-01-12 17:00:00,i10West,0.98,0,0,0
2026-01-12 17:00:00,i10Central,0.98,0,0,0
2026-01-12 17:00:00,i10East,0.958,0,0,0
2026-01-12 17:00:00,mesa,0.673,0,0,0
2026-01-12 17:00:00,sunland,0.654,0,0,0
2026-01-12 17:00:00,us54,0.735,0,0,0
2026-01-12 17:00:00,paisano,0.677,0,0,0
2026-01-12 17:00:00,loop375,0.681,0,0,0
2026-01-12 18:00:00,i10West,0.974,0,0,0
2026-01-12 18:00:00,i10Central,0.98,0,0,0
2026-01-12 18:00:00,i10East,0.937,0,0,0
2026-01-12 18:00:00,mesa,0.645,0,0,0
2026-01-12 18:00:00,sunland,0.59,0,0,0
2026-01-12 18:00:00,us54,0.721,0,0,0
2026-01-12 18:00:00,paisano,0.636,0,0,0
2026-01-12 18:00:00,loop375,0.624,0,0,0
2026-01-12 19:00:00,i10West,0.8,0,0,0
2026-01-12 19:00:00,i10Central,0.962,0,0,0
2026-01-12 19:00:00,i10East,0.817,0,0,0
2026-01-12 19:00:00,mesa,0.557,0,0,0
2026-01-12 19:00:00,sunland,0.487,0,0,0
2026-01-12 19:00:00,us54,0.633,0,0,0
2026-01-12 19:00:00,paisano,0.528,0,0,0
2026-01-12 19:00:00,loop375,0.573,0,0,0
2026-01-12 20:00:00,i10West,0.657,0,0,0
2026-01-12 20:00:00,i10Central,0.749,0,0,0
2026-01-12 20:00:00,i10East,0.63,0,0,0
2026-01-12 20:00:00,mesa,0.419,0,0,0
2026-01-12 20:00:00,sunland,0.376,0,0,0
2026-01-12 20:00:00,us54,0.507,0,0,0
2026-01-12 20:00:00,paisano,0.414,0,0,0
2026-01-12 20:00:00,loop375,0.469,0,0,0
2026-01-12 21:00:00,i10West,0.545,0,0,0
2026-01-12 21:00:00,i10Central,0.625,0,0,0
2026-01-12 21:00:00,i10East,0.495,0,0,0
2026-01-12 21:00:00,mesa,0.31,0,0,0
2026-01-12 21:00:00,sunland,0.307,0,0,0
2026-01-12 21:00:00,us54,0.369,0,0,0
2026-01-12 21:00:00,paisano,0.358,0,0,0
2026-01-12 21:00:00,loop375,0.393,0,0,0
2026-01-12 22:00:00,i10West,0.521,0,1,0
2026-01-12 22:00:00,i10Central,0.671,0,1,0
2026-01-12 22:00:00,i10East,0.585,0,1,0
2026-01-12 22:00:00,mesa,0.333,0,1,0
2026-01-12 22:00:00,sunland,0.327,0,1,0
2026-01-12 22:00:00,us54,0.388,0,1,0
2026-01-12 22:00:00,paisano,0.352,0,1,0
2026-01-12 22:00:00,loop375,0.416,0,1,0
2026-01-12 23:00:00,i10West,0.407,0,0,0
2026-01-12 23:00:00,i10Central,0.634,1,0,0
2026-01-12 23:00:00,i10East,0.474,0,0,0
2026-01-12 23:00:00,mesa,0.287,0,0,0
2026-01-12 23:00:00,sunland,0.197,0,0,0
2026-01-12 23:00:00,us54,0.331,0,0,0
2026-01-12 23:00:00,paisano,0.24,0,0,0
2026-01-12 23:00:00,loop375,0.432,1,0,0
2026-01-13 00:00:00,i10West,0.396,0,0,0
2026-01-13 00:00:00,i10Central,0.491,0,0,0
2026-01-13 00:00:00,i10East,0.389,0,0,0
2026-01-13 00:00:00,mesa,0.233,0,0,0
2026-01-13 00:00:00,sunland,0.213,0,0,0
2026-01-13 00:00:00,us54,0.338,0,0,0
2026-01-13 00:00:00,paisano,0.225,0,0,0
2026-01-13 00:00:00,loop375,0.265,0,0,0
2026-01-13 01:00:00,i10West,0.378,0,0,0
2026-01-13 01:00:00,i10Central,0.501,0,0,0
2026-01-13 01:00:00,i10East,0.549,1,0,0
2026-01-13 01:00:00,mesa,0.221,0,0,0
2026-01-13 01:00:00,sunland,0.176,0,0,0
2026-01-13 01:00:00,us54,0.298,0,0,0
2026-01-13 01:00:00,paisano,0.344,1,0,0
2026-01-13 01:00:00,loop375,0.4,1,0,0
2026-01-13 02:00:00,i10West,0.398,0,0,0
2026-01-13 02:00:00,i10Central,0.475,0,0,0
2026-01-13 02:00:00,i10East,0.371,0,0,0
2026-01-13 02:00:00,mesa,0.258,0,0,0
2026-01-13 02:00:00,sunland,0.211,0,0,0
2026-01-13 02:00:00,us54,0.297,0,0,0
2026-01-13 02:00:00,paisano,0.267,0,0,0
2026-01-13 02:00:00,loop375,0.292,0,0,0
2026-01-13 03:00:00,i10West,0.396,0,0,0
2026-01-13 03:00:00,i10Central,0.52,0,0,0
2026-01-13 03:00:00,i10East,0.464,0,0,0
2026-01-13 03:00:00,mesa,0.277,0,0,0
2026-01-13 03:00:00,sunland,0.21,0,0,0
2026-01-13 03:00:00,us54,0.289,0,0,0
2026-01-13 03:00:00,paisano,0.263,0,0,0
2026-01-13 03:00:00,loop375,0.412,1,0,0
2026-01-13 04:00:00,i10West,0.434,0,0,0
2026-01-13 04:00:00,i10Central,0.561,0,0,0
2026-01-13 04:00:00,i10East,0.486,0,0,0
2026-01-13 04:00:00,mesa,0.246,0,0,0
2026-01-13 04:00:00,sunland,0.26,0,0,0
2026-01-13 04:00:00,us54,0.339,0,0,0
2026-01-13 04:00:00,paisano,0.272,0,0,0
2026-01-13 04:00:00,loop375,0.449,1,0,0
2026-01-13 05:00:00,i10West,0.595,0,1,0
2026-01-13 05:00:00,i10Central,0.748,0,1,0
2026-01-13 05:00:00,i10East,0.642,0,1,0
2026-01-13 05:00:00,mesa,0.367,0,1,0
2026-01-13 05:00:00,sunland,0.353,0,1,0
2026-01-13 05:00:00,us54,0.427,0,1,0
2026-01-13 05:00:00,paisano,0.371,0,1,0
2026-01-13 05:00:00,loop375,0.46,0,1,0
2026-01-13 06:00:00,i10West,0.64,0,0,0
2026-01-13 06:00:00,i10Central,0.921,1,0,0
2026-01-13 06:00:00,i10East,0.666,0,0,0
2026-01-13 06:00:00,mesa,0.453,0,0,0
2026-01-13 06:00:00,sunland,0.378,0,0,0
2026-01-13 06:00:00,us54,0.487,0,0,0
2026-01-13 06:00:00,paisano,0.437,0,0,0
2026-01-13 06:00:00,loop375,0.442,0,0,0
2026-01-13 07:00:00,i10West,0.776,0,0,0
2026-01-13 07:00:00,i10Central,0.98,0,0,0
2026-01-13 07:00:00,i10East,0.836,0,0,0
2026-01-13 07:00:00,mesa,0.554,0,0,0
2026-01-13 07:00:00,sunland,0.506,0,0,0
2026-01-13 07:00:00,us54,0.596,0,0,0
2026-01-13 07:00:00,paisano,0.675,1,0,0
2026-01-13 07:00:00,loop375,0.564,0,0,0
2026-01-13 08:00:00,i10West,0.864,0,0,0
2026-01-13 08:00:00,i10Central,0.98,0,0,0
2026-01-13 08:00:00,i10East,0.904,0,0,0
2026-01-13 08:00:00,mesa,0.573,0,0,0
2026-01-13 08:00:00,sunland,0.54,0,0,0
2026-01-13 08:00:00,us54,0.637,0,0,0
2026-01-13 08:00:00,paisano,0.596,0,0,0
2026-01-13 08:00:00,loop375,0.615,0,0,0
2026-01-13 09:00:00,i10West,0.852,0,0,0
2026-01-13 09:00:00,i10Central,0.98,0,0,0
2026-01-13 09:00:00,i10East,0.919,1,0,0
2026-01-13 09:00:00,mesa,0.57,0,0,0
2026-01-13 09:00:00,sunland,0.536,0,0,0
2026-01-13 09:00:00,us54,0.582,0,0,0
2026-01-13 09:00:00,paisano,0.703,1,0,0
2026-01-13 09:00:00,loop375,0.572,0,0,0
2026-01-13 10:00:00,i10West,0.707,0,0,0
2026-01-13 10:00:00,i10Central,0.821,0,0,0
2026-01-13 10:00:00,i10East,0.638,0,0,0
2026-01-13 10:00:00,mesa,0.469,0,0,0
2026-01-13 10:00:00,sunland,0.4,0,0,0
2026-01-13 10:00:00,us54,0.537,0,0,0
2026-01-13 10:00:00,paisano,0.491,0,0,0
2026-01-13 10:00:00,loop375,0.441,0,0,0
2026-01-13 11:00:00,i10West,0.546,0,0,0
2026-01-13 11:00:00,i10Central,0.652,0,0,0
2026-01-13 11:00:00,i10East,0.521,0,0,0
2026-01-13 11:00:00,mesa,0.355,0,0,0
2026-01-13 11:00:00,sunland,0.283,0,0,0
2026-01-13 11:00:00,us54,0.426,0,0,0
2026-01-13 11:00:00,paisano,0.365,0,0,0
2026-01-13 11:00:00,loop375,0.383,0,0,0
2026-01-13 12:00:00,i10West,0.502,0,0,0
2026-01-13 12:00:00,i10Central,0.624,0,0,0
2026-01-13 12:00:00,i10East,0.485,0,0,0
2026-01-13 12:00:00,mesa,0.308,0,0,0
2026-01-13 12:00:00,sunland,0.281,0,0,0
2026-01-13 12:00:00,us54,0.494,1,0,0
2026-01-13 12:00:00,paisano,0.458,1,0,0
2026-01-13 12:00:00,loop375,0.317,0,0,0
2026-01-13 13:00:00,i10West,0.52,0,0,0
2026-01-13 13:00:00,i10Central,0.647,0,0,0
2026-01-13 13:00:00,i10East,0.519,0,0,0
2026-01-13 13:00:00,mesa,0.298,0,0,0
2026-01-13 13:00:00,sunland,0.32,0,0,0
2026-01-13 13:00:00,us54,0.454,0,0,0
2026-01-13 13:00:00,paisano,0.379,0,0,0
2026-01-13 13:00:00,loop375,0.398,0,0,0
2026-01-13 14:00:00,i10West,0.634,0,0,0
2026-01-13 14:00:00,i10Central,0.752,0,0,0
2026-01-13 14:00:00,i10East,0.648,0,0,0
2026-01-13 14:00:00,mesa,0.413,0,0,0
2026-01-13 14:00:00,sunland,0.353,0,0,0
2026-01-13 14:00:00,us54,0.467,0,0,0
2026-01-13 14:00:00,paisano,0.431,0,0,0
2026-01-13 14:00:00,loop375,0.449,0,0,0
2026-01-13 15:00:00,i10West,0.76,0,0,0
2026-01-13 15:00:00,i10Central,0.958,0,0,0
2026-01-13 15:00:00,i10East,0.785,0,0,0
2026-01-13 15:00:00,mesa,0.549,0,0,0
2026-01-13 15:00:00,sunland,0.451,0,0,0
2026-01-13 15:00:00,us54,0.593,0,0,0
2026-01-13 15:00:00,paisano,0.526,0,0,0
2026-01-13 15:00:00,loop375,0.696,1,0,0
2026-01-13 16:00:00,i10West,0.918,0,0,0
2026-01-13 16:00:00,i10Central,0.98,0,0,0
2026-01-13 16:00:00,i10East,0.92,0,0,0
2026-01-13 16:00:00,mesa,0.636,0,0,0
2026-01-13 16:00:00,sunland,0.578,0,0,0
2026-01-13 16:00:00,us54,0.701,0,0,0
2026-01-13 16:00:00,paisano,0.633,0,0,0
2026-01-13 16:00:00,loop375,0.671,0,0,0
2026-01-13 17:00:00,i10West,0.98,0,0,0
2026-01-13 17:00:00,i10Central,0.98,0,0,0
2026-01-13 17:00:00,i10East,0.98,0,0,0
2026-01-13 17:00:00,mesa,0.702,0,0,0
2026-01-13 17:00:00,sunland,0.63,0,0,0
2026-01-13 17:00:00,us54,0.7,0,0,0
2026-01-13 17:00:00,paisano,0.671,0,0,0
2026-01-13 17:00:00,loop375,0.677,0,0,0
2026-01-13 18:00:00,i10West,0.97,0,0,0
2026-01-13 18:00:00,i10Central,0.98,0,0,0
2026-01-13 18:00:00,i10East,0.927,0,0,0
2026-01-13 18:00:00,mesa,0.736,1,0,0
2026-01-13 18:00:00,sunland,0.625,0,0,0
2026-01-13 18:00:00,us54,0.717,0,0,0
2026-01-13 18:00:00,paisano,0.656,0,0,0
2026-01-13 18:00:00,loop375,0.631,0,0,0
2026-01-13 19:00:00,i10West,0.932,0,1,0
2026-01-13 19:00:00,i10Central,0.98,0,1,0
2026-01-13 19:00:00,i10East,0.914,0,1,0
2026-01-13 19:00:00,mesa,0.66,0,1,0
2026-01-13 19:00:00,sunland,0.599,0,1,0
2026-01-13 19:00:00,us54,0.644,0,1,0
2026-01-13 19:00:00,paisano,0.646,0,1,0
2026-01-13 19:00:00,loop375,0.661,0,1,0
2026-01-13 20:00:00,i10West,0.661,0,0,0
2026-01-13 20:00:00,i10Central,0.777,0,0,0
2026-01-13 20:00:00,i10East,0.659,0,0,0
2026-01-13 20:00:00,mesa,0.408,0,0,0
2026-01-13 20:00:00,sunland,0.372,0,0,0
2026-01-13 20:00:00,us54,0.468,0,0,0
2026-01-13 20:00:00,paisano,0.467,0,0,0
2026-01-13 20:00:00,loop375,0.437,0,0,0
2026-01-13 21:00:00,i10West,0.501,0,0,0
2026-01-13 21:00:00,i10Central,0.618,0,0,0
2026-01-13 21:00:00,i10East,0.488,0,0,0
2026-01-13 21:00:00,mesa,0.311,0,0,0
2026-01-13 21:00:00,sunland,0.281,0,0,0
2026-01-13 21:00:00,us54,0.421,0,0,0
2026-01-13 21:00:00,paisano,0.364,0,0,0
2026-01-13 21:00:00,loop375,0.384,0,0,0
2026-01-13 22:00:00,i10West,0.432,0,0,0
2026-01-13 22:00:00,i10Central,0.535,0,0,0
2026-01-13 22:00:00,i10East,0.47,0,0,0
2026-01-13 22:00:00,mesa,0.291,0,0,0
2026-01-13 22:00:00,sunland,0.244,0,0,0
2026-01-13 22:00:00,us54,0.327,0,0,0
2026-01-13 22:00:00,paisano,0.272,0,0,0
2026-01-13 22:00:00,loop375,0.316,0,0,0
2026-01-13 23:00:00,i10West,0.411,0,0,0
2026-01-13 23:00:00,i10Central,0.507,0,0,0
2026-01-13 23:00:00,i10East,0.388,0,0,0
2026-01-13 23:00:00,mesa,0.235,0,0,0
2026-01-13 23:00:00,sunland,0.197,0,0,0
2026-01-13 23:00:00,us54,0.296,0,0,0
2026-01-13 23:00:00,paisano,0.243,0,0,0
2026-01-13 23:00:00,loop375,0.305,0,0,0
2026-01-14 00:00:00,i10West,0.405,0,0,0
2026-01-14 00:00:00,i10Central,0.468,0,0,0
2026-01-14 00:00:00,i10East,0.423,0,0,0
2026-01-14 00:00:00,mesa,0.342,1,0,0
2026-01-14 00:00:00,sunland,0.171,0,0,0
2026-01-14 00:00:00,us54,0.292,0,0,0
2026-01-14 00:00:00,paisano,0.244,0,0,0
2026-01-14 00:00:00,loop375,0.281,0,0,0
2026-01-14 01:00:00,i10West,0.501,0,1,0
2026-01-14 01:00:00,i10Central,0.611,0,1,0
2026-01-14 01:00:00,i10East,0.487,0,1,0
2026-01-14 01:00:00,mesa,0.308,0,1,0
2026-01-14 01:00:00,sunland,0.264,0,1,0
2026-01-14 01:00:00,us54,0.517,1,1,0
2026-01-14 01:00:00,paisano,0.307,0,1,0
2026-01-14 01:00:00,loop375,0.346,0,1,0
2026-01-14 02:00:00,i10West,0.404,0,0,0
2026-01-14 02:00:00,i10Central,0.521,0,0,0
2026-01-14 02:00:00,i10East,0.394,0,0,0
2026-01-14 02:00:00,mesa,0.277,0,0,0
2026-01-14 02:00:00,sunland,0.183,0,0,0
2026-01-14 02:00:00,us54,0.355,0,0,0
2026-01-14 02:00:00,paisano,0.373,1,0,0
2026-01-14 02:00:00,loop375,0.295,0,0,0
2026-01-14 03:00:00,i10West,0.403,0,0,0
2026-01-14 03:00:00,i10Central,0.524,0,0,0
2026-01-14 03:00:00,i10East,0.398,0,0,0
2026-01-14 03:00:00,mesa,0.214,0,0,0
2026-01-14 03:00:00,sunland,0.177,0,0,0
2026-01-14 03:00:00,us54,0.35,0,0,0
2026-01-14 03:00:00,paisano,0.27,0,0,0
2026-01-14 03:00:00,loop375,0.26,0,0,0
2026-01-14 04:00:00,i10West,0.489,0,1,0
2026-01-14 04:00:00,i10Central,0.666,0,1,0
2026-01-14 04:00:00,i10East,0.538,0,1,0
2026-01-14 04:00:00,mesa,0.333,0,1,0
2026-01-14 04:00:00,sunland,0.279,0,1,0
2026-01-14 04:00:00,us54,0.416,0,1,0
2026-01-14 04:00:00,paisano,0.375,0,1,0
2026-01-14 04:00:00,loop375,0.364,0,1,0
2026-01-14 05:00:00,i10West,0.486,0,0,0
2026-01-14 05:00:00,i10Central,0.615,0,0,0
2026-01-14 05:00:00,i10East,0.511,0,0,0
2026-01-14 05:00:00,mesa,0.314,0,0,0
2026-01-14 05:00:00,sunland,0.286,0,0,0
2026-01-14 05:00:00,us54,0.423,0,0,0
2026-01-14 05:00:00,paisano,0.31,0,0,0
2026-01-14 05:00:00,loop375,0.37,0,0,0
2026-01-14 06:00:00,i10West,0.632,0,0,0
2026-01-14 06:00:00,i10Central,0.796,0,0,0
2026-01-14 06:00:00,i10East,0.681,0,0,0
2026-01-14 06:00:00,mesa,0.403,0,0,0
2026-01-14 06:00:00,sunland,0.385,0,0,0
2026-01-14 06:00:00,us54,0.459,0,0,0
2026-01-14 06:00:00,paisano,0.402,0,0,0
2026-01-14 06:00:00,loop375,0.476,0,0,0
2026-01-14 07:00:00,i10West,0.836,0,0,0
2026-01-14 07:00:00,i10Central,0.98,0,0,0
2026-01-14 07:00:00,i10East,0.808,0,0,0
2026-01-14 07:00:00,mesa,0.58,0,0,0
2026-01-14 07:00:00,sunland,0.534,0,0,0
2026-01-14 07:00:00,us54,0.574,0,0,0
2026-01-14 07:00:00,paisano,0.531,0,0,0
2026-01-14 07:00:00,loop375,0.554,0,0,0
2026-01-14 08:00:00,i10West,0.917,0,0,0
2026-01-14 08:00:00,i10Central,0.98,0,0,0
2026-01-14 08:00:00,i10East,0.905,0,0,0
2026-01-14 08:00:00,mesa,0.594,0,0,0
2026-01-14 08:00:00,sunland,0.553,0,0,0
2026-01-14 08:00:00,us54,0.787,1,0,0
2026-01-14 08:00:00,paisano,0.605,0,0,0
2026-01-14 08:00:00,loop375,0.575,0,0,0
2026-01-14 09:00:00,i10West,0.885,0,0,0
2026-01-14 09:00:00,i10Central,0.98,0,0,0
2026-01-14 09:00:00,i10East,0.85,0,0,0
2026-01-14 09:00:00,mesa,0.71,1,0,0
2026-01-14 09:00:00,sunland,0.495,0,0,0
2026-01-14 09:00:00,us54,0.631,0,0,0
2026-01-14 09:00:00,paisano,0.536,0,0,0
2026-01-14 09:00:00,loop375,0.589,0,0,0
2026-01-14 10:00:00,i10West,0.681,0,0,0
2026-01-14 10:00:00,i10Central,0.827,0,0,0
2026-01-14 10:00:00,i10East,0.694,0,0,0
2026-01-14 10:00:00,mesa,0.488,0,0,0
2026-01-14 10:00:00,sunland,0.433,0,0,0
2026-01-14 10:00:00,us54,0.505,0,0,0
2026-01-14 10:00:00,paisano,0.479,0,0,0
2026-01-14 10:00:00,loop375,0.5,0,0,0
2026-01-14 11:00:00,i10West,0.547,0,0,0
2026-01-14 11:00:00,i10Central,0.651,0,0,0
2026-01-14 11:00:00,i10East,0.677,1,0,0
2026-01-14 11:00:00,mesa,0.38,0,0,0
2026-01-14 11:00:00,sunland,0.283,0,0,0
2026-01-14 11:00:00,us54,0.44,0,0,0
2026-01-14 11:00:00,paisano,0.405,0,0,0
2026-01-14 11:00:00,loop375,0.393,0,0,0
2026-01-14 12:00:00,i10West,0.458,0,0,0
2026-01-14 12:00:00,i10Central,0.591,0,0,0
2026-01-14 12:00:00,i10East,0.452,0,0,0
2026-01-14 12:00:00,mesa,0.305,0,0,0
2026-01-14 12:00:00,sunland,0.252,0,0,0
2026-01-14 12:00:00,us54,0.394,0,0,0
2026-01-14 12:00:00,paisano,0.313,0,0,0
2026-01-14 12:00:00,loop375,0.331,0,0,0
2026-01-14 13:00:00,i10West,0.522,0,0,0
2026-01-14 13:00:00,i10Central,0.742,1,0,0
2026-01-14 13:00:00,i10East,0.555,0,0,0
2026-01-14 13:00:00,mesa,0.421,1,0,0
2026-01-14 13:00:00,sunland,0.381,1,0,0
2026-01-14 13:00:00,us54,0.434,0,0,0
2026-01-14 13:00:00,paisano,0.39,0,0,0
2026-01-14 13:00:00,loop375,0.395,0,0,0
2026-01-14 14:00:00,i10West,0.647,0,0,0
2026-01-14 14:00:00,i10Central,0.784,0,0,0
2026-01-14 14:00:00,i10East,0.611,0,0,0
2026-01-14 14:00:00,mesa,0.429,0,0,0
2026-01-14 14:00:00,sunland,0.4,0,0,0
2026-01-14 14:00:00,us54,0.52,0,0,0
2026-01-14 14:00:00,paisano,0.473,0,0,0
2026-01-14 14:00:00,loop375,0.44,0,0,0
2026-01-14 15:00:00,i10West,0.773,0,0,0
2026-01-14 15:00:00,i10Central,0.951,0,0,0
2026-01-14 15:00:00,i10East,0.821,0,0,0
2026-01-14 15:00:00,mesa,0.493,0,0,0
2026-01-14 15:00:00,sunland,0.462,0,0,0
2026-01-14 15:00:00,us54,0.632,0,0,0
2026-01-14 15:00:00,paisano,0.566,0,0,0
2026-01-14 15:00:00,loop375,0.583,0,0,0
2026-01-14 16:00:00,i10West,0.917,0,0,0
2026-01-14 16:00:00,i10Central,0.98,0,0,0
2026-01-14 16:00:00,i10East,0.911,0,0,0
2026-01-14 16:00:00,mesa,0.656,0,0,0
2026-01-14 16:00:00,sunland,0.613,0,0,0
2026-01-14 16:00:00,us54,0.677,0,0,0
2026-01-14 16:00:00,paisano,0.766,1,0,0
2026-01-14 16:00:00,loop375,0.63,0,0,0
2026-01-14 17:00:00,i10West,0.979,0,0,0
2026-01-14 17:00:00,i10Central,0.98,0,0,0
2026-01-14 17:00:00,i10East,0.98,0,0,0
2026-01-14 17:00:00,mesa,0.717,0,0,0
2026-01-14 17:00:00,sunland,0.682,0,0,0
2026-01-14 17:00:00,us54,0.724,0,0,0
2026-01-14 17:00:00,paisano,0.725,0,0,0
2026-01-14 17:00:00,loop375,0.725,0,0,0
2026-01-14 18:00:00,i10West,0.934,0,0,0
2026-01-14 18:00:00,i10Central,0.98,0,0,0
2026-01-14 18:00:00,i10East,0.928,0,0,0
2026-01-14 18:00:00,mesa,0.633,0,0,0
2026-01-14 18:00:00,sunland,0.624,0,0,0
2026-01-14 18:00:00,us54,0.726,0,0,0
2026-01-14 18:00:00,paisano,0.74,1,0,0
2026-01-14 18:00:00,loop375,0.68,0,0,0
2026-01-14 19:00:00,i10West,0.815,0,0,0
2026-01-14 19:00:00,i10Central,0.98,1,0,0
2026-01-14 19:00:00,i10East,0.902,1,0,0
2026-01-14 19:00:00,mesa,0.516,0,0,0
2026-01-14 19:00:00,sunland,0.648,1,0,0
2026-01-14 19:00:00,us54,0.613,0,0,0
2026-01-14 19:00:00,paisano,0.582,0,0,0
2026-01-14 19:00:00,loop375,0.565,0,0,0
2026-01-14 20:00:00,i10West,0.664,0,0,0
2026-01-14 20:00:00,i10Central,0.801,0,0,0
2026-01-14 20:00:00,i10East,0.771,1,0,0
2026-01-14 20:00:00,mesa,0.395,0,0,0
2026-01-14 20:00:00,sunland,0.371,0,0,0
2026-01-14 20:00:00,us54,0.483,0,0,0
2026-01-14 20:00:00,paisano,0.574,1,0,0
2026-01-14 20:00:00,loop375,0.61,1,0,0
2026-01-14 21:00:00,i10West,0.492,0,0,0
2026-01-14 21:00:00,i10Central,0.606,0,0,0
2026-01-14 21:00:00,i10East,0.535,0,0,0
2026-01-14 21:00:00,mesa,0.299,0,0,0
2026-01-14 21:00:00,sunland,0.293,0,0,0
2026-01-14 21:00:00,us54,0.427,0,0,0
2026-01-14 21:00:00,paisano,0.371,0,0,0
2026-01-14 21:00:00,loop375,0.398,0,0,0
2026-01-14 22:00:00,i10West,0.448,0,0,0
2026-01-14 22:00:00,i10Central,0.539,0,0,0
2026-01-14 22:00:00,i10East,0.466,0,0,0
2026-01-14 22:00:00,mesa,0.257,0,0,0
2026-01-14 22:00:00,sunland,0.271,0,0,0
2026-01-14 22:00:00,us54,0.322,0,0,0
2026-01-14 22:00:00,paisano,0.273,0,0,0
2026-01-14 22:00:00,loop375,0.311,0,0,0
2026-01-14 23:00:00,i10West,0.38,0,0,0
2026-01-14 23:00:00,i10Central,0.516,0,0,0
2026-01-14 23:00:00,i10East,0.4,0,0,0
2026-01-14 23:00:00,mesa,0.252,0,0,0
2026-01-14 23:00:00,sunland,0.225,0,0,0
2026-01-14 23:00:00,us54,0.321,0,0,0
2026-01-14 23:00:00,paisano,0.234,0,0,0
2026-01-14 23:00:00,loop375,0.322,0,0,0
2026-01-15 00:00:00,i10West,0.355,0,0,0
2026-01-15 00:00:00,i10Central,0.491,0,0,0
2026-01-15 00:00:00,i10East,0.386,0,0,0
2026-01-15 00:00:00,mesa,0.215,0,0,0
2026-01-15 00:00:00,sunland,0.181,0,0,0
2026-01-15 00:00:00,us54,0.446,1,0,0
2026-01-15 00:00:00,paisano,0.269,0,0,0
2026-01-15 00:00:00,loop375,0.298,0,0,0
2026-01-15 01:00:00,i10West,0.469,0,1,0
2026-01-15 01:00:00,i10Central,0.611,0,1,0
2026-01-15 01:00:00,i10East,0.523,0,1,0
2026-01-15 01:00:00,mesa,0.307,0,1,0
2026-01-15 01:00:00,sunland,0.292,0,1,0
2026-01-15 01:00:00,us54,0.37,0,1,0
2026-01-15 01:00:00,paisano,0.317,0,1,0
2026-01-15 01:00:00,loop375,0.345,0,1,0
2026-01-15 02:00:00,i10West,0.369,0,0,0
2026-01-15 02:00:00,i10Central,0.471,0,0,0
2026-01-15 02:00:00,i10East,0.4,0,0,0
2026-01-15 02:00:00,mesa,0.21,0,0,0
2026-01-15 02:00:00,sunland,0.188,0,0,0
2026-01-15 02:00:00,us54,0.304,0,0,0
2026-01-15 02:00:00,paisano,0.234,0,0,0
2026-01-15 02:00:00,loop375,0.31,0,0,0
2026-01-15 03:00:00,i10West,0.377,0,0,0
2026-01-15 03:00:00,i10Central,0.478,0,0,0
2026-01-15 03:00:00,i10East,0.399,0,0,0
2026-01-15 03:00:00,mesa,0.212,0,0,0
2026-01-15 03:00:00,sunland,0.211,0,0,0
2026-01-15 03:00:00,us54,0.295,0,0,0
2026-01-15 03:00:00,paisano,0.287,0,0,0
2026-01-15 03:00:00,loop375,0.278,0,0,0
2026-01-15 04:00:00,i10West,0.398,0,0,0
2026-01-15 04:00:00,i10Central,0.535,0,0,0
2026-01-15 04:00:00,i10East,0.461,0,0,0
2026-01-15 04:00:00,mesa,0.249,0,0,0
2026-01-15 04:00:00,sunland,0.205,0,0,0
2026-01-15 04:00:00,us54,0.353,0,0,0
2026-01-15 04:00:00,paisano,0.296,0,0,0
2026-01-15 04:00:00,loop375,0.274,0,0,0
2026-01-15 05:00:00,i10West,0.521,0,0,0
2026-01-15 05:00:00,i10Central,0.634,0,0,0
2026-01-15 05:00:00,i10East,0.541,0,0,0
2026-01-15 05:00:00,mesa,0.332,0,0,0
2026-01-15 05:00:00,sunland,0.317,0,0,0
2026-01-15 05:00:00,us54,0.412,0,0,0
2026-01-15 05:00:00,paisano,0.329,0,0,0
2026-01-15 05:00:00,loop375,0.355,0,0,0
2026-01-15 06:00:00,i10West,0.661,0,0,0
2026-01-15 06:00:00,i10Central,0.816,0,0,0
2026-01-15 06:00:00,i10East,0.674,0,0,0
2026-01-15 06:00:00,mesa,0.406,0,0,0
2026-01-15 06:00:00,sunland,0.432,0,0,0
2026-01-15 06:00:00,us54,0.498,0,0,0
2026-01-15 06:00:00,paisano,0.425,0,0,0
2026-01-15 06:00:00,loop375,0.475,0,0,0
2026-01-15 07:00:00,i10West,0.783,0,0,0
2026-01-15 07:00:00,i10Central,0.98,0,0,0
2026-01-15 07:00:00,i10East,0.848,0,0,0
2026-01-15 07:00:00,mesa,0.564,0,0,0
2026-01-15 07:00:00,sunland,0.496,0,0,0
2026-01-15 07:00:00,us54,0.622,0,0,0
2026-01-15 07:00:00,paisano,0.564,0,0,0
2026-01-15 07:00:00,loop375,0.576,0,0,0
2026-01-15 08:00:00,i10West,0.919,0,0,0
2026-01-15 08:00:00,i10Central,0.98,0,0,0
2026-01-15 08:00:00,i10East,0.881,0,0,0
2026-01-15 08:00:00,mesa,0.64,0,0,0
2026-01-15 08:00:00,sunland,0.577,0,0,0
2026-01-15 08:00:00,us54,0.668,0,0,0
2026-01-15 08:00:00,paisano,0.571,0,0,0
2026-01-15 08:00:00,loop375,0.637,0,0,0
2026-01-15 09:00:00,i10West,0.841,0,0,0
2026-01-15 09:00:00,i10Central,0.98,0,0,0
2026-01-15 09:00:00,i10East,0.931,1,0,0
2026-01-15 09:00:00,mesa,0.55,0,0,0
2026-01-15 09:00:00,sunland,0.51,0,0,0
2026-01-15 09:00:00,us54,0.605,0,0,0
2026-01-15 09:00:00,paisano,0.575,0,0,0
2026-01-15 09:00:00,loop375,0.593,0,0,0
2026-01-15 10:00:00,i10West,0.805,1,0,0
2026-01-15 10:00:00,i10Central,0.829,0,0,0
2026-01-15 10:00:00,i10East,0.665,0,0,0
2026-01-15 10:00:00,mesa,0.423,0,0,0
2026-01-15 10:00:00,sunland,0.42,0,0,0
2026-01-15 10:00:00,us54,0.53,0,0,0
2026-01-15 10:00:00,paisano,0.49,0,0,0
2026-01-15 10:00:00,loop375,0.506,0,0,0
2026-01-15 11:00:00,i10West,0.525,0,0,0
2026-01-15 11:00:00,i10Central,0.664,0,0,0
2026-01-15 11:00:00,i10East,0.52,0,0,0
2026-01-15 11:00:00,mesa,0.334,0,0,0
2026-01-15 11:00:00,sunland,0.308,0,0,0
2026-01-15 11:00:00,us54,0.541,1,0,0
2026-01-15 11:00:00,paisano,0.374,0,0,0
2026-01-15 11:00:00,loop375,0.397,0,0,0
2026-01-15 12:00:00,i10West,0.486,0,0,0
2026-01-15 12:00:00,i10Central,0.629,0,0,0
2026-01-15 12:00:00,i10East,0.536,0,0,0
2026-01-15 12:00:00,mesa,0.314,0,0,0
2026-01-15 12:00:00,sunland,0.236,0,0,0
2026-01-15 12:00:00,us54,0.432,0,0,0
2026-01-15 12:00:00,paisano,0.326,0,0,0
2026-01-15 12:00:00,loop375,0.452,1,0,0
2026-01-15 13:00:00,i10West,0.584,0,1,0
2026-01-15 13:00:00,i10Central,0.779,0,1,0
2026-01-15 13:00:00,i10East,0.629,0,1,0
2026-01-15 13:00:00,mesa,0.415,0,1,0
2026-01-15 13:00:00,sunland,0.342,0,1,0
2026-01-15 13:00:00,us54,0.477,0,1,0
2026-01-15 13:00:00,paisano,0.431,0,1,0
2026-01-15 13:00:00,loop375,0.466,0,1,0
2026-01-15 14:00:00,i10West,0.604,0,0,0
2026-01-15 14:00:00,i10Central,0.752,0,0,0
2026-01-15 14:00:00,i10East,0.652,0,0,0
2026-01-15 14:00:00,mesa,0.405,0,0,0
2026-01-15 14:00:00,sunland,0.394,0,0,0
2026-01-15 14:00:00,us54,0.483,0,0,0
2026-01-15 14:00:00,paisano,0.439,0,0,0
2026-01-15 14:00:00,loop375,0.466,0,0,0
2026-01-15 15:00:00,i10West,0.763,0,0,0
2026-01-15 15:00:00,i10Central,0.963,0,0,0
2026-01-15 15:00:00,i10East,0.785,0,0,0
2026-01-15 15:00:00,mesa,0.534,0,0,0
2026-01-15 15:00:00,sunland,0.511,0,0,0
2026-01-15 15:00:00,us54,0.619,0,0,0
2026-01-15 15:00:00,paisano,0.543,0,0,0
2026-01-15 15:00:00,loop375,0.65,1,0,0
2026-01-15 16:00:00,i10West,0.905,0,0,0
2026-01-15 16:00:00,i10Central,0.98,0,0,0
2026-01-15 16:00:00,i10East,0.961,0,0,0
2026-01-15 16:00:00,mesa,0.656,0,0,0
2026-01-15 16:00:00,sunland,0.565,0,0,0
2026-01-15 16:00:00,us54,0.673,0,0,0
2026-01-15 16:00:00,paisano,0.661,0,0,0
2026-01-15 16:00:00,loop375,0.683,0,0,0
2026-01-15 17:00:00,i10West,0.967,0,0,0
2026-01-15 17:00:00,i10Central,0.98,0,0,0
2026-01-15 17:00:00,i10East,0.98,0,0,0
2026-01-15 17:00:00,mesa,0.67,0,0,0
2026-01-15 17:00:00,sunland,0.669,0,0,0
2026-01-15 17:00:00,us54,0.732,0,0,0
2026-01-15 17:00:00,paisano,0.81,1,0,0
2026-01-15 17:00:00,loop375,0.671,0,0,0
2026-01-15 18:00:00,i10West,0.98,0,0,0
2026-01-15 18:00:00,i10Central,0.98,0,0,0
2026-01-15 18:00:00,i10East,0.929,0,0,0
2026-01-15 18:00:00,mesa,0.794,1,0,0
2026-01-15 18:00:00,sunland,0.624,0,0,0
2026-01-15 18:00:00,us54,0.686,0,0,0
2026-01-15 18:00:00,paisano,0.63,0,0,0
2026-01-15 18:00:00,loop375,0.685,0,0,0
2026-01-15 19:00:00,i10West,0.828,0,0,0
2026-01-15 19:00:00,i10Central,0.968,0,0,0
2026-01-15 19:00:00,i10East,0.79,0,0,0
2026-01-15 19:00:00,mesa,0.537,0,0,0
2026-01-15 19:00:00,sunland,0.519,0,0,0
2026-01-15 19:00:00,us54,0.632,0,0,0
2026-01-15 19:00:00,paisano,0.569,0,0,0
2026-01-15 19:00:00,loop375,0.579,0,0,0
2026-01-15 20:00:00,i10West,0.768,0,1,0
2026-01-15 20:00:00,i10Central,0.875,0,1,0
2026-01-15 20:00:00,i10East,0.737,0,1,0
2026-01-15 20:00:00,mesa,0.514,0,1,0
2026-01-15 20:00:00,sunland,0.481,0,1,0
2026-01-15 20:00:00,us54,0.528,0,1,0
2026-01-15 20:00:00,paisano,0.535,0,1,0
2026-01-15 20:00:00,loop375,0.539,0,1,0
2026-01-15 21:00:00,i10West,0.526,0,0,0
2026-01-15 21:00:00,i10Central,0.619,0,0,0
2026-01-15 21:00:00,i10East,0.509,0,0,0
2026-01-15 21:00:00,mesa,0.325,0,0,0
2026-01-15 21:00:00,sunland,0.338,0,0,0
2026-01-15 21:00:00,us54,0.416,0,0,0
2026-01-15 21:00:00,paisano,0.351,0,0,0
2026-01-15 21:00:00,loop375,0.369,0,0,0
2026-01-15 22:00:00,i10West,0.46,0,0,0
2026-01-15 22:00:00,i10Central,0.534,0,0,0
2026-01-15 22:00:00,i10East,0.453,0,0,0
2026-01-15 22:00:00,mesa,0.295,0,0,0
2026-01-15 22:00:00,sunland,0.237,0,0,0
2026-01-15 22:00:00,us54,0.323,0,0,0
2026-01-15 22:00:00,paisano,0.295,0,0,0
2026-01-15 22:00:00,loop375,0.328,0,0,0
2026-01-15 23:00:00,i10West,0.414,0,0,0
2026-01-15 23:00:00,i10Central,0.491,0,0,0
2026-01-15 23:00:00,i10East,0.424,0,0,0
2026-01-15 23:00:00,mesa,0.235,0,0,0
2026-01-15 23:00:00,sunland,0.186,0,0,0
2026-01-15 23:00:00,us54,0.291,0,0,0
2026-01-15 23:00:00,paisano,0.303,0,0,0
2026-01-15 23:00:00,loop375,0.303,0,0,0
2026-01-16 00:00:00,i10West,0.391,0,0,0
2026-01-16 00:00:00,i10Central,0.519,0,0,0
2026-01-16 00:00:00,i10East,0.418,0,0,0
2026-01-16 00:00:00,mesa,0.219,0,0,0
2026-01-16 00:00:00,sunland,0.174,0,0,0
2026-01-16 00:00:00,us54,0.328,0,0,0
2026-01-16 00:00:00,paisano,0.408,1,0,0
2026-01-16 00:00:00,loop375,0.302,0,0,0
2026-01-16 01:00:00,i10West,0.374,0,0,0
2026-01-16 01:00:00,i10Central,0.58,1,0,0
2026-01-16 01:00:00,i10East,0.43,0,0,0
2026-01-16 01:00:00,mesa,0.248,0,0,0
2026-01-16 01:00:00,sunland,0.209,0,0,0
2026-01-16 01:00:00,us54,0.348,0,0,0
2026-01-16 01:00:00,paisano,0.254,0,0,0
2026-01-16 01:00:00,loop375,0.275,0,0,0
2026-01-16 02:00:00,i10West,0.401,0,0,0
2026-01-16 02:00:00,i10Central,0.516,0,0,0
2026-01-16 02:00:00,i10East,0.409,0,0,0
2026-01-16 02:00:00,mesa,0.215,0,0,0
2026-01-16 02:00:00,sunland,0.219,0,0,0
2026-01-16 02:00:00,us54,0.297,0,0,0
2026-01-16 02:00:00,paisano,0.379,1,0,0
2026-01-16 02:00:00,loop375,0.299,0,0,0
2026-01-16 03:00:00,i10West,0.382,0,0,0
2026-01-16 03:00:00,i10Central,0.625,1,0,0
2026-01-16 03:00:00,i10East,0.446,0,0,0
2026-01-16 03:00:00,mesa,0.265,0,0,0
2026-01-16 03:00:00,sunland,0.238,0,0,0
2026-01-16 03:00:00,us54,0.294,0,0,0
2026-01-16 03:00:00,paisano,0.246,0,0,0
2026-01-16 03:00:00,loop375,0.26,0,0,0
2026-01-16 04:00:00,i10West,0.526,1,0,0
2026-01-16 04:00:00,i10Central,0.563,0,0,0
2026-01-16 04:00:00,i10East,0.436,0,0,0
2026-01-16 04:00:00,mesa,0.283,0,0,0
2026-01-16 04:00:00,sunland,0.226,0,0,0
2026-01-16 04:00:00,us54,0.306,0,0,0
2026-01-16 04:00:00,paisano,0.27,0,0,0
2026-01-16 04:00:00,loop375,0.319,0,0,0
2026-01-16 05:00:00,i10West,0.538,0,0,0
2026-01-16 05:00:00,i10Central,0.613,0,0,0
2026-01-16 05:00:00,i10East,0.538,0,0,0
2026-01-16 05:00:00,mesa,0.317,0,0,0
2026-01-16 05:00:00,sunland,0.32,0,0,0
2026-01-16 05:00:00,us54,0.383,0,0,0
2026-01-16 05:00:00,paisano,0.358,0,0,0
2026-01-16 05:00:00,loop375,0.363,0,0,0
2026-01-16 06:00:00,i10West,0.627,0,0,0
2026-01-16 06:00:00,i10Central,0.77,0,0,0
2026-01-16 06:00:00,i10East,0.672,0,0,0
2026-01-16 06:00:00,mesa,0.459,0,0,0
2026-01-16 06:00:00,sunland,0.396,0,0,0
2026-01-16 06:00:00,us54,0.466,0,0,0
2026-01-16 06:00:00,paisano,0.397,0,0,0
2026-01-16 06:00:00,loop375,0.593,1,0,0
2026-01-16 07:00:00,i10West,0.828,0,0,0
2026-01-16 07:00:00,i10Central,0.98,0,0,0
2026-01-16 07:00:00,i10East,0.803,0,0,0
2026-01-16 07:00:00,mesa,0.7,1,0,0
2026-01-16 07:00:00,sunland,0.512,0,0,0
2026-01-16 07:00:00,us54,0.572,0,0,0
2026-01-16 07:00:00,paisano,0.543,0,0,0
2026-01-16 07:00:00,loop375,0.586,0,0,0
2026-01-16 08:00:00,i10West,0.884,0,0,0
2026-01-16 08:00:00,i10Central,0.98,0,0,0
2026-01-16 08:00:00,i10East,0.868,0,0,0
2026-01-16 08:00:00,mesa,0.584,0,0,0
2026-01-16 08:00:00,sunland,0.554,0,0,0
2026-01-16 08:00:00,us54,0.658,0,0,0
2026-01-16 08:00:00,paisano,0.563,0,0,0
2026-01-16 08:00:00,loop375,0.628,0,0,0
2026-01-16 09:00:00,i10West,0.816,0,0,0
2026-01-16 09:00:00,i10Central,0.98,0,0,0
2026-01-16 09:00:00,i10East,0.784,0,0,0
2026-01-16 09:00:00,mesa,0.566,0,0,0
2026-01-16 09:00:00,sunland,0.516,0,0,0
2026-01-16 09:00:00,us54,0.64,0,0,0
2026-01-16 09:00:00,paisano,0.54,0,0,0
2026-01-16 09:00:00,loop375,0.539,0,0,0
2026-01-16 10:00:00,i10West,0.695,0,0,0
2026-01-16 10:00:00,i10Central,0.817,0,0,0
2026-01-16 10:00:00,i10East,0.643,0,0,0
2026-01-16 10:00:00,mesa,0.472,0,0,0
2026-01-16 10:00:00,sunland,0.392,0,0,0
2026-01-16 10:00:00,us54,0.528,0,0,0
2026-01-16 10:00:00,paisano,0.464,0,0,0
2026-01-16 10:00:00,loop375,0.453,0,0,0
2026-01-16 11:00:00,i10West,0.555,0,0,0
2026-01-16 11:00:00,i10Central,0.671,0,0,0
2026-01-16 11:00:00,i10East,0.638,1,0,0
2026-01-16 11:00:00,mesa,0.356,0,0,0
2026-01-16 11:00:00,sunland,0.289,0,0,0
2026-01-16 11:00:00,us54,0.451,0,0,0
2026-01-16 11:00:00,paisano,0.358,0,0,0
2026-01-16 11:00:00,loop375,0.369,0,0,0
2026-01-16 12:00:00,i10West,0.509,0,0,0
2026-01-16 12:00:00,i10Central,0.632,0,0,0
2026-01-16 12:00:00,i10East,0.485,0,0,0
2026-01-16 12:00:00,mesa,0.338,0,0,0
2026-01-16 12:00:00,sunland,0.255,0,0,0
2026-01-16 12:00:00,us54,0.424,0,0,0
2026-01-16 12:00:00,paisano,0.327,0,0,0
2026-01-16 12:00:00,loop375,0.326,0,0,0
2026-01-16 13:00:00,i10West,0.497,0,0,0
2026-01-16 13:00:00,i10Central,0.651,0,0,0
2026-01-16 13:00:00,i10East,0.493,0,0,0
2026-01-16 13:00:00,mesa,0.341,0,0,0
2026-01-16 13:00:00,sunland,0.261,0,0,0
2026-01-16 13:00:00,us54,0.438,0,0,0
2026-01-16 13:00:00,paisano,0.368,0,0,0
2026-01-16 13:00:00,loop375,0.347,0,0,0
2026-01-16 14:00:00,i10West,0.614,0,0,0
2026-01-16 14:00:00,i10Central,0.745,0,0,0
2026-01-16 14:00:00,i10East,0.64,0,0,0
2026-01-16 14:00:00,mesa,0.384,0,0,0
2026-01-16 14:00:00,sunland,0.366,0,0,0
2026-01-16 14:00:00,us54,0.464,0,0,0
2026-01-16 14:00:00,paisano,0.473,0,0,0
2026-01-16 14:00:00,loop375,0.455,0,0,0
2026-01-16 15:00:00,i10West,0.774,0,0,0
2026-01-16 15:00:00,i10Central,0.945,0,0,0
2026-01-16 15:00:00,i10East,0.798,0,0,0
2026-01-16 15:00:00,mesa,0.506,0,0,0
2026-01-16 15:00:00,sunland,0.486,0,0,0
2026-01-16 15:00:00,us54,0.593,0,0,0
2026-01-16 15:00:00,paisano,0.521,0,0,0
2026-01-16 15:00:00,loop375,0.566,0,0,0
2026-01-16 16:00:00,i10West,0.933,0,0,0
2026-01-16 16:00:00,i10Central,0.98,0,0,0
2026-01-16 16:00:00,i10East,0.898,0,0,0
2026-01-16 16:00:00,mesa,0.611,0,0,0
2026-01-16 16:00:00,sunland,0.602,0,0,0
2026-01-16 16:00:00,us54,0.667,0,0,0
2026-01-16 16:00:00,paisano,0.658,0,0,0
2026-01-16 16:00:00,loop375,0.624,0,0,0
2026-01-16 17:00:00,i10West,0.98,0,0,0
2026-01-16 17:00:00,i10Central,0.98,0,0,0
2026-01-16 17:00:00,i10East,0.955,0,0,0
2026-01-16 17:00:00,mesa,0.66,0,0,0
2026-01-16 17:00:00,sunland,0.629,0,0,0
2026-01-16 17:00:00,us54,0.714,0,0,0
2026-01-16 17:00:00,paisano,0.681,0,0,0
2026-01-16 17:00:00,loop375,0.67,0,0,0
2026-01-16 18:00:00,i10West,0.976,0,0,0
2026-01-16 18:00:00,i10Central,0.98,0,0,0
2026-01-16 18:00:00,i10East,0.95,0,0,0
2026-01-16 18:00:00,mesa,0.626,0,0,0
2026-01-16 18:00:00,sunland,0.644,0,0,0
2026-01-16 18:00:00,us54,0.682,0,0,0
2026-01-16 18:00:00,paisano,0.606,0,0,0
2026-01-16 18:00:00,loop375,0.67,0,0,0
2026-01-16 19:00:00,i10West,0.797,0,0,0
2026-01-16 19:00:00,i10Central,0.98,1,0,0
2026-01-16 19:00:00,i10East,0.81,0,0,0
2026-01-16 19:00:00,mesa,0.515,0,0,0
2026-01-16 19:00:00,sunland,0.517,0,0,0
2026-01-16 19:00:00,us54,0.614,0,0,0
2026-01-16 19:00:00,paisano,0.513,0,0,0
2026-01-16 19:00:00,loop375,0.55,0,0,0
2026-01-16 20:00:00,i10West,0.628,0,0,0
2026-01-16 20:00:00,i10Central,0.779,0,0,0
2026-01-16 20:00:00,i10East,0.615,0,0,0
2026-01-16 20:00:00,mesa,0.394,0,0,0
2026-01-16 20:00:00,sunland,0.37,0,0,0
2026-01-16 20:00:00,us54,0.459,0,0,0
2026-01-16 20:00:00,paisano,0.416,0,0,0
2026-01-16 20:00:00,loop375,0.476,0,0,0
2026-01-16 21:00:00,i10West,0.507,0,0,0
2026-01-16 21:00:00,i10Central,0.631,0,0,0
2026-01-16 21:00:00,i10East,0.536,0,0,0
2026-01-16 21:00:00,mesa,0.295,0,0,0
2026-01-16 21:00:00,sunland,0.319,0,0,0
2026-01-16 21:00:00,us54,0.41,0,0,0
2026-01-16 21:00:00,paisano,0.322,0,0,0
2026-01-16 21:00:00,loop375,0.362,0,0,0
2026-01-16 22:00:00,i10West,0.427,0,0,0
2026-01-16 22:00:00,i10Central,0.565,0,0,0
2026-01-16 22:00:00,i10East,0.463,0,0,0
2026-01-16 22:00:00,mesa,0.292,0,0,0
2026-01-16 22:00:00,sunland,0.22,0,0,0
2026-01-16 22:00:00,us54,0.343,0,0,0
2026-01-16 22:00:00,paisano,0.324,0,0,0
2026-01-16 22:00:00,loop375,0.3,0,0,0
2026-01-16 23:00:00,i10West,0.374,0,0,0
2026-01-16 23:00:00,i10Central,0.49,0,0,0
2026-01-16 23:00:00,i10East,0.42,0,0,0
2026-01-16 23:00:00,mesa,0.269,0,0,0
2026-01-16 23:00:00,sunland,0.184,0,0,0
2026-01-16 23:00:00,us54,0.338,0,0,0
2026-01-16 23:00:00,paisano,0.241,0,0,0
2026-01-16 23:00:00,loop375,0.321,0,0,0
2026-01-17 00:00:00,i10West,0.385,0,0,0
2026-01-17 00:00:00,i10Central,0.523,0,0,0
2026-01-17 00:00:00,i10East,0.428,0,0,0
2026-01-17 00:00:00,mesa,0.249,0,0,0
2026-01-17 00:00:00,sunland,0.176,0,0,0
2026-01-17 00:00:00,us54,0.425,1,0,0
2026-01-17 00:00:00,paisano,0.244,0,0,0
2026-01-17 00:00:00,loop375,0.249,0,0,0
2026-01-17 01:00:00,i10West,0.366,0,0,0
2026-01-17 01:00:00,i10Central,0.488,0,0,0
2026-01-17 01:00:00,i10East,0.405,0,0,0
2026-01-17 01:00:00,mesa,0.265,0,0,0
2026-01-17 01:00:00,sunland,0.171,0,0,0
2026-01-17 01:00:00,us54,0.316,0,0,0
2026-01-17 01:00:00,paisano,0.223,0,0,0
2026-01-17 01:00:00,loop375,0.258,0,0,0
2026-01-17 02:00:00,i10West,0.379,0,0,0
2026-01-17 02:00:00,i10Central,0.504,0,0,0
2026-01-17 02:00:00,i10East,0.375,0,0,0
2026-01-17 02:00:00,mesa,0.244,0,0,0
2026-01-17 02:00:00,sunland,0.203,0,0,0
2026-01-17 02:00:00,us54,0.346,0,0,0
2026-01-17 02:00:00,paisano,0.265,0,0,0
2026-01-17 02:00:00,loop375,0.265,0,0,0
2026-01-17 03:00:00,i10West,0.383,0,0,0
2026-01-17 03:00:00,i10Central,0.522,0,0,0
2026-01-17 03:00:00,i10East,0.388,0,0,0
2026-01-17 03:00:00,mesa,0.225,0,0,0
2026-01-17 03:00:00,sunland,0.197,0,0,0
2026-01-17 03:00:00,us54,0.332,0,0,0
2026-01-17 03:00:00,paisano,0.253,0,0,0
2026-01-17 03:00:00,loop375,0.305,0,0,0
2026-01-17 04:00:00,i10West,0.406,0,0,0
2026-01-17 04:00:00,i10Central,0.512,0,0,0
2026-01-17 04:00:00,i10East,0.448,0,0,0
2026-01-17 04:00:00,mesa,0.236,0,0,0
2026-01-17 04:00:00,sunland,0.252,0,0,0
2026-01-17 04:00:00,us54,0.357,0,0,0
2026-01-17 04:00:00,paisano,0.3,0,0,0
2026-01-17 04:00:00,loop375,0.27,0,0,0
2026-01-17 05:00:00,i10West,0.485,0,0,0
2026-01-17 05:00:00,i10Central,0.588,0,0,0
2026-01-17 05:00:00,i10East,0.506,0,0,0
2026-01-17 05:00:00,mesa,0.289,0,0,0
2026-01-17 05:00:00,sunland,0.29,0,0,0
2026-01-17 05:00:00,us54,0.365,0,0,0
2026-01-17 05:00:00,paisano,0.298,0,0,0
2026-01-17 05:00:00,loop375,0.33,0,0,0
2026-01-17 06:00:00,i10West,0.577,0,0,0
2026-01-17 06:00:00,i10Central,0.687,0,0,0
2026-01-17 06:00:00,i10East,0.56,0,0,0
2026-01-17 06:00:00,mesa,0.364,0,0,0
2026-01-17 06:00:00,sunland,0.36,0,0,0
2026-01-17 06:00:00,us54,0.449,0,0,0
2026-01-17 06:00:00,paisano,0.354,0,0,0
2026-01-17 06:00:00,loop375,0.398,0,0,0
2026-01-17 07:00:00,i10West,0.726,0,0,0
2026-01-17 07:00:00,i10Central,0.876,0,0,0
2026-01-17 07:00:00,i10East,0.688,0,0,0
2026-01-17 07:00:00,mesa,0.486,0,0,0
2026-01-17 07:00:00,sunland,0.434,0,0,0
2026-01-17 07:00:00,us54,0.639,1,0,0
2026-01-17 07:00:00,paisano,0.439,0,0,0
2026-01-17 07:00:00,loop375,0.495,0,0,0
2026-01-17 08:00:00,i10West,0.802,0,0,0
2026-01-17 08:00:00,i10Central,0.916,0,0,0
2026-01-17 08:00:00,i10East,0.779,0,0,0
2026-01-17 08:00:00,mesa,0.639,1,0,0
2026-01-17 08:00:00,sunland,0.491,0,0,0
2026-01-17 08:00:00,us54,0.579,0,0,0
2026-01-17 08:00:00,paisano,0.499,0,0,0
2026-01-17 08:00:00,loop375,0.536,0,0,0
2026-01-17 09:00:00,i10West,0.743,0,0,0
2026-01-17 09:00:00,i10Central,0.852,0,0,0
2026-01-17 09:00:00,i10East,0.69,0,0,0
2026-01-17 09:00:00,mesa,0.486,0,0,0
2026-01-17 09:00:00,sunland,0.476,0,0,0
2026-01-17 09:00:00,us54,0.568,0,0,0
2026-01-17 09:00:00,paisano,0.463,0,0,0
2026-01-17 09:00:00,loop375,0.5,0,0,0
2026-01-17 10:00:00,i10West,0.643,0,0,0
2026-01-17 10:00:00,i10Central,0.734,0,0,0
2026-01-17 10:00:00,i10East,0.595,0,0,0
2026-01-17 10:00:00,mesa,0.415,0,0,0
2026-01-17 10:00:00,sunland,0.385,0,0,0
2026-01-17 10:00:00,us54,0.44,0,0,0
2026-01-17 10:00:00,paisano,0.415,0,0,0
2026-01-17 10:00:00,loop375,0.404,0,0,0
2026-01-17 11:00:00,i10West,0.51,0,0,0
2026-01-17 11:00:00,i10Central,0.639,0,0,0
2026-01-17 11:00:00,i10East,0.509,0,0,0
2026-01-17 11:00:00,mesa,0.338,0,0,0
2026-01-17 11:00:00,sunland,0.263,0,0,0
2026-01-17 11:00:00,us54,0.393,0,0,0
2026-01-17 11:00:00,paisano,0.376,0,0,0
2026-01-17 11:00:00,loop375,0.382,0,0,0
2026-01-17 12:00:00,i10West,0.481,0,0,0
2026-01-17 12:00:00,i10Central,0.597,0,0,0
2026-01-17 12:00:00,i10East,0.464,0,0,0
2026-01-17 12:00:00,mesa,0.32,0,0,0
2026-01-17 12:00:00,sunland,0.225,0,0,0
2026-01-17 12:00:00,us54,0.377,0,0,0
2026-01-17 12:00:00,paisano,0.327,0,0,0
2026-01-17 12:00:00,loop375,0.304,0,0,0
2026-01-17 13:00:00,i10West,0.469,0,0,0
2026-01-17 13:00:00,i10Central,0.612,0,0,0
2026-01-17 13:00:00,i10East,0.512,0,0,0
2026-01-17 13:00:00,mesa,0.334,0,0,0
2026-01-17 13:00:00,sunland,0.243,0,0,0
2026-01-17 13:00:00,us54,0.404,0,0,0
2026-01-17 13:00:00,paisano,0.359,0,0,0
2026-01-17 13:00:00,loop375,0.323,0,0,0
2026-01-17 14:00:00,i10West,0.583,0,0,0
2026-01-17 14:00:00,i10Central,0.745,0,0,0
2026-01-17 14:00:00,i10East,0.579,0,0,0
2026-01-17 14:00:00,mesa,0.357,0,0,0
2026-01-17 14:00:00,sunland,0.359,0,0,0
2026-01-17 14:00:00,us54,0.485,0,0,0
2026-01-17 14:00:00,paisano,0.42,0,0,0
2026-01-17 14:00:00,loop375,0.39,0,0,0
2026-01-17 15:00:00,i10West,0.698,0,0,0
2026-01-17 15:00:00,i10Central,0.863,0,0,0
2026-01-17 15:00:00,i10East,0.725,0,0,0
2026-01-17 15:00:00,mesa,0.446,0,0,0
2026-01-17 15:00:00,sunland,0.436,0,0,0
2026-01-17 15:00:00,us54,0.555,0,0,0
2026-01-17 15:00:00,paisano,0.467,0,0,0
2026-01-17 15:00:00,loop375,0.501,0,0,0
2026-01-17 16:00:00,i10West,0.818,0,0,0
2026-01-17 16:00:00,i10Central,0.98,0,0,0
2026-01-17 16:00:00,i10East,0.831,0,0,0
2026-01-17 16:00:00,mesa,0.519,0,0,0
2026-01-17 16:00:00,sunland,0.518,0,0,0
2026-01-17 16:00:00,us54,0.593,0,0,0
2026-01-17 16:00:00,paisano,0.538,0,0,0
2026-01-17 16:00:00,loop375,0.576,0,0,0
2026-01-17 17:00:00,i10West,0.854,0,0,0
2026-01-17 17:00:00,i10Central,0.98,0,0,0
2026-01-17 17:00:00,i10East,0.839,0,0,0
2026-01-17 17:00:00,mesa,0.595,0,0,0
2026-01-17 17:00:00,sunland,0.539,0,0,0
2026-01-17 17:00:00,us54,0.606,0,0,0
2026-01-17 17:00:00,paisano,0.567,0,0,0
2026-01-17 17:00:00,loop375,0.595,0,0,0
2026-01-17 18:00:00,i10West,0.788,0,0,0
2026-01-17 18:00:00,i10Central,0.959,0,0,0
2026-01-17 18:00:00,i10East,0.807,0,0,0
2026-01-17 18:00:00,mesa,0.583,0,0,0
2026-01-17 18:00:00,sunland,0.509,0,0,0
2026-01-17 18:00:00,us54,0.627,0,0,0
2026-01-17 18:00:00,paisano,0.57,0,0,0
2026-01-17 18:00:00,loop375,0.571,0,0,0
2026-01-17 19:00:00,i10West,0.717,0,0,0
2026-01-17 19:00:00,i10Central,0.834,0,0,0
2026-01-17 19:00:00,i10East,0.711,0,0,0
2026-01-17 19:00:00,mesa,0.498,0,0,0
2026-01-17 19:00:00,sunland,0.419,0,0,0
2026-01-17 19:00:00,us54,0.519,0,0,0
2026-01-17 19:00:00,paisano,0.46,0,0,0
2026-01-17 19:00:00,loop375,0.522,0,0,0
2026-01-17 20:00:00,i10West,0.822,1,1,0
2026-01-17 20:00:00,i10Central,0.886,0,1,0
2026-01-17 20:00:00,i10East,0.698,0,1,0
2026-01-17 20:00:00,mesa,0.477,0,1,0
2026-01-17 20:00:00,sunland,0.389,0,1,0
2026-01-17 20:00:00,us54,0.542,0,1,0
2026-01-17 20:00:00,paisano,0.597,1,1,0
2026-01-17 20:00:00,loop375,0.512,0,1,0
2026-01-17 21:00:00,i10West,0.54,0,0,0
2026-01-17 21:00:00,i10Central,0.644,0,0,0
2026-01-17 21:00:00,i10East,0.595,1,0,0
2026-01-17 21:00:00,mesa,0.339,0,0,0
2026-01-17 21:00:00,sunland,0.264,0,0,0
2026-01-17 21:00:00,us54,0.401,0,0,0
2026-01-17 21:00:00,paisano,0.375,0,0,0
2026-01-17 21:00:00,loop375,0.35,0,0,0
2026-01-17 22:00:00,i10West,0.438,0,0,0
2026-01-17 22:00:00,i10Central,0.561,0,0,0
2026-01-17 22:00:00,i10East,0.456,0,0,0
2026-01-17 22:00:00,mesa,0.233,0,0,0
2026-01-17 22:00:00,sunland,0.212,0,0,0
2026-01-17 22:00:00,us54,0.351,0,0,0
2026-01-17 22:00:00,paisano,0.31,0,0,0
2026-01-17 22:00:00,loop375,0.334,0,0,0
2026-01-17 23:00:00,i10West,0.384,0,0,0
2026-01-17 23:00:00,i10Central,0.481,0,0,0
2026-01-17 23:00:00,i10East,0.422,0,0,0
2026-01-17 23:00:00,mesa,0.258,0,0,0
2026-01-17 23:00:00,sunland,0.212,0,0,0
2026-01-17 23:00:00,us54,0.33,0,0,0
2026-01-17 23:00:00,paisano,0.288,0,0,0
2026-01-17 23:00:00,loop375,0.324,0,0,0
2026-01-18 00:00:00,i10West,0.351,0,0,0
2026-01-18 00:00:00,i10Central,0.601,1,0,0
2026-01-18 00:00:00,i10East,0.409,0,0,0
2026-01-18 00:00:00,mesa,0.213,0,0,0
2026-01-18 00:00:00,sunland,0.202,0,0,0
2026-01-18 00:00:00,us54,0.304,0,0,0
2026-01-18 00:00:00,paisano,0.254,0,0,0
2026-01-18 00:00:00,loop375,0.286,0,0,0
2026-01-18 01:00:00,i10West,0.436,0,0,0
2026-01-18 01:00:00,i10Central,0.495,0,0,0
2026-01-18 01:00:00,i10East,0.403,0,0,0
2026-01-18 01:00:00,mesa,0.246,0,0,0
2026-01-18 01:00:00,sunland,0.416,2,0,0
2026-01-18 01:00:00,us54,0.286,0,0,0
2026-01-18 01:00:00,paisano,0.243,0,0,0
2026-01-18 01:00:00,loop375,0.247,0,0,0
2026-01-18 02:00:00,i10West,0.368,0,0,0
2026-01-18 02:00:00,i10Central,0.457,0,0,0
2026-01-18 02:00:00,i10East,0.388,0,0,0
2026-01-18 02:00:00,mesa,0.241,0,0,0
2026-01-18 02:00:00,sunland,0.213,0,0,0
2026-01-18 02:00:00,us54,0.329,0,0,0
2026-01-18 02:00:00,paisano,0.242,0,0,0
2026-01-18 02:00:00,loop375,0.256,0,0,0
2026-01-18 03:00:00,i10West,0.37,0,0,0
2026-01-18 03:00:00,i10Central,0.465,0,0,0
2026-01-18 03:00:00,i10East,0.411,0,0,0
2026-01-18 03:00:00,mesa,0.245,0,0,0
2026-01-18 03:00:00,sunland,0.181,0,0,0
2026-01-18 03:00:00,us54,0.298,0,0,0
2026-01-18 03:00:00,paisano,0.239,0,0,0
2026-01-18 03:00:00,loop375,0.269,0,0,0
2026-01-18 04:00:00,i10West,0.412,0,0,0
2026-01-18 04:00:00,i10Central,0.544,0,0,0
2026-01-18 04:00:00,i10East,0.441,0,0,0
2026-01-18 04:00:00,mesa,0.297,0,0,0
2026-01-18 04:00:00,sunland,0.248,0,0,0
2026-01-18 04:00:00,us54,0.363,0,0,0
2026-01-18 04:00:00,paisano,0.239,0,0,0
2026-01-18 04:00:00,loop375,0.308,0,0,0
2026-01-18 05:00:00,i10West,0.493,0,0,0
2026-01-18 05:00:00,i10Central,0.601,0,0,0
2026-01-18 05:00:00,i10East,0.482,0,0,0
2026-01-18 05:00:00,mesa,0.466,1,0,0
2026-01-18 05:00:00,sunland,0.292,0,0,0
2026-01-18 05:00:00,us54,0.36,0,0,0
2026-01-18 05:00:00,paisano,0.339,0,0,0
2026-01-18 05:00:00,loop375,0.368,0,0,0
2026-01-18 06:00:00,i10West,0.61,0,0,0
2026-01-18 06:00:00,i10Central,0.711,0,0,0
2026-01-18 06:00:00,i10East,0.586,0,0,0
2026-01-18 06:00:00,mesa,0.431,0,0,0
2026-01-18 06:00:00,sunland,0.352,0,0,0
2026-01-18 06:00:00,us54,0.459,0,0,0
2026-01-18 06:00:00,paisano,0.382,0,0,0
2026-01-18 06:00:00,loop375,0.376,0,0,0
2026-01-18 07:00:00,i10West,0.715,0,0,0
2026-01-18 07:00:00,i10Central,0.876,0,0,0
2026-01-18 07:00:00,i10East,0.729,0,0,0
2026-01-18 07:00:00,mesa,0.461,0,0,0
2026-01-18 07:00:00,sunland,0.479,0,0,0
2026-01-18 07:00:00,us54,0.522,0,0,0
2026-01-18 07:00:00,paisano,0.427,0,0,0
2026-01-18 07:00:00,loop375,0.45,0,0,0
2026-01-18 08:00:00,i10West,0.789,0,0,0
2026-01-18 08:00:00,i10Central,0.968,0,0,0
2026-01-18 08:00:00,i10East,0.812,0,0,0
2026-01-18 08:00:00,mesa,0.492,0,0,0
2026-01-18 08:00:00,sunland,0.614,1,0,0
2026-01-18 08:00:00,us54,0.573,0,0,0
2026-01-18 08:00:00,paisano,0.533,0,0,0
2026-01-18 08:00:00,loop375,0.66,1,0,0
2026-01-18 09:00:00,i10West,0.747,0,0,0
2026-01-18 09:00:00,i10Central,0.872,0,0,0
2026-01-18 09:00:00,i10East,0.704,0,0,0
2026-01-18 09:00:00,mesa,0.48,0,0,0
2026-01-18 09:00:00,sunland,0.573,1,0,0
2026-01-18 09:00:00,us54,0.506,0,0,0
2026-01-18 09:00:00,paisano,0.449,0,0,0
2026-01-18 09:00:00,loop375,0.531,0,0,0
2026-01-18 10:00:00,i10West,0.616,0,0,0
2026-01-18 10:00:00,i10Central,0.739,0,0,0
2026-01-18 10:00:00,i10East,0.612,0,0,0
2026-01-18 10:00:00,mesa,0.392,0,0,0
2026-01-18 10:00:00,sunland,0.388,0,0,0
2026-01-18 10:00:00,us54,0.456,0,0,0
2026-01-18 10:00:00,paisano,0.372,0,0,0
2026-01-18 10:00:00,loop375,0.441,0,0,0
2026-01-18 11:00:00,i10West,0.524,0,0,0
2026-01-18 11:00:00,i10Central,0.728,1,0,0
2026-01-18 11:00:00,i10East,0.608,1,0,0
2026-01-18 11:00:00,mesa,0.327,0,0,0
2026-01-18 11:00:00,sunland,0.305,0,0,0
2026-01-18 11:00:00,us54,0.371,0,0,0
2026-01-18 11:00:00,paisano,0.372,0,0,0
2026-01-18 11:00:00,loop375,0.334,0,0,0
